id,Username,Email,Password,Provider_Id,Provider_Type
100001,admin,admin@urban.enc,$2a$10$5s9xbuNG60CXT0S7SxLyY.jpFJhFOduZQiOwQg8r7UmheqrG5znu6,NULL,EMAIL
100002,office.delhi,office.delhi@urban.enc,$2a$10$5s9xbuNG60CXT0S7SxLyY.jpFJhFOduZQiOwQg8r7UmheqrG5znu6,NULL,EMAIL
100003,office.mumbai,office.mumbai@urban.enc,$2a$10$5s9xbuNG60CXT0S7SxLyY.jpFJhFOduZQiOwQg8r7UmheqrG5znu6,NULL,EMAIL
100004,office.lucknow,office.licknow@urban.enc,$2a$10$5s9xbuNG60CXT0S7SxLyY.jpFJhFOduZQiOwQg8r7UmheqrG5znu6,NULL,EMAIL
100005,office.gwalior,office.gwalior@urban.enc,$2a$10$5s9xbuNG60CXT0S7SxLyY.jpFJhFOduZQiOwQg8r7UmheqrG5znu6,NULL,EMAIL
100006,office.guwahati,office.guwahati@urban.enc,$2a$10$5s9xbuNG60CXT0S7SxLyY.jpFJhFOduZQiOwQg8r7UmheqrG5znu6,NULL,EMAIL
10000001,aditya.sharma,aditya.sharma@example.com,$2a$10$5s9xbuNG60CXT0S7SxLyY.jpFJhFOduZQiOwQg8r7UmheqrG5znu6,NULL,EMAIL
10000002,krishna.rastogi,krishna.rastogi@example.com,$2a$10$5s9xbuNG60CXT0S7SxLyY.jpFJhFOduZQiOwQg8r7UmheqrG5znu6,NULL,EMAIL
10000003,kiran.saxena,kiran.saxena@example.com,$2a$10$5s9xbuNG60CXT0S7SxLyY.jpFJhFOduZQiOwQg8r7UmheqrG5znu6,NULL,EMAIL
10000004,nikhil.das,nikhil.das@example.com,$2a$10$5s9xbuNG60CXT0S7SxLyY.jpFJhFOduZQiOwQg8r7UmheqrG5znu6,NULL,EMAIL
10000005,nitya.dutta,nitya.dutta@example.com,$2a$10$5s9xbuNG60CXT0S7SxLyY.jpFJhFOduZQiOwQg8r7UmheqrG5znu6,NULL,EMAIL
10000006,shiv.dubey,shiv.dubey@example.com,$2a$10$5s9xbuNG60CXT0S7SxLyY.jpFJhFOduZQiOwQg8r7UmheqrG5znu6,NULL,EMAIL
10000007,anushka.bhargava,anushka.bhargava@example.com,$2a$10$5s9xbuNG60CXT0S7SxLyY.jpFJhFOduZQiOwQg8r7UmheqrG5znu6,NULL,EMAIL
10000008,nandini.patel,nandini.patel@example.com,$2a$10$5s9xbuNG60CXT0S7SxLyY.jpFJhFOduZQiOwQg8r7UmheqrG5znu6,NULL,EMAIL
10000009,akhil.das,akhil.das@example.com,$2a$10$5s9xbuNG60CXT0S7SxLyY.jpFJhFOduZQiOwQg8r7UmheqrG5znu6,NULL,EMAIL
10000010,deepa.shetty,deepa.shetty@example.com,$2a$10$5s9xbuNG60CXT0S7SxLyY.jpFJhFOduZQiOwQg8r7UmheqrG5znu6,NULL,EMAIL
10000011,sai.rastogi,sai.rastogi@example.com,$2a$10$5s9xbuNG60CXT0S7SxLyY.jpFJhFOduZQiOwQg8r7UmheqrG5znu6,NULL,EMAIL
10000012,kiran.singh,kiran.singh@example.com,$2a$10$5s9xbuNG60CXT0S7SxLyY.jpFJhFOduZQiOwQg8r7UmheqrG5znu6,NULL,EMAIL
10000013,ravi.lal,ravi.lal@example.com,$2a$10$5s9xbuNG60CXT0S7SxLyY.jpFJhFOduZQiOwQg8r7UmheqrG5znu6,NULL,EMAIL
10000014,arjun.lal,arjun.lal@example.com,$2a$10$5s9xbuNG60CXT0S7SxLyY.jpFJhFOduZQiOwQg8r7UmheqrG5znu6,NULL,EMAIL
10000015,kartik.das,kartik.das@example.com,$2a$10$5s9xbuNG60CXT0S7SxLyY.jpFJhFOduZQiOwQg8r7UmheqrG5znu6,NULL,EMAIL
10000016,ishita.kapoor,ishita.kapoor@example.com,$2a$10$5s9xbuNG60CXT0S7SxLyY.jpFJhFOduZQiOwQg8r7UmheqrG5znu6,NULL,EMAIL
10000017,rahul.kulkarni,rahul.kulkarni@example.com,$2a$10$5s9xbuNG60CXT0S7SxLyY.jpFJhFOduZQiOwQg8r7UmheqrG5znu6,NULL,EMAIL
10000018,vihaan.dubey,vihaan.dubey@example.com,$2a$10$5s9xbuNG60CXT0S7SxLyY.jpFJhFOduZQiOwQg8r7UmheqrG5znu6,NULL,EMAIL
10000019,rhea.reddy,rhea.reddy@example.com,$2a$10$5s9xbuNG60CXT0S7SxLyY.jpFJhFOduZQiOwQg8r7UmheqrG5znu6,NULL,EMAIL
10000020,sai.reddy,sai.reddy@example.com,$2a$10$5s9xbuNG60CXT0S7SxLyY.jpFJhFOduZQiOwQg8r7UmheqrG5znu6,NULL,EMAIL
10000021,kiran.bhargava,kiran.bhargava@example.com,$2a$10$5s9xbuNG60CXT0S7SxLyY.jpFJhFOduZQiOwQg8r7UmheqrG5znu6,NULL,EMAIL
10000022,krishna.lal,krishna.lal@example.com,$2a$10$5s9xbuNG60CXT0S7SxLyY.jpFJhFOduZQiOwQg8r7UmheqrG5znu6,NULL,EMAIL
10000023,tanvi.yadav,tanvi.yadav@example.com,$2a$10$5s9xbuNG60CXT0S7SxLyY.jpFJhFOduZQiOwQg8r7UmheqrG5znu6,NULL,EMAIL
10000024,priya.patel,priya.patel@example.com,$2a$10$5s9xbuNG60CXT0S7SxLyY.jpFJhFOduZQiOwQg8r7UmheqrG5znu6,NULL,EMAIL
10000025,lata.reddy,lata.reddy@example.com,$2a$10$5s9xbuNG60CXT0S7SxLyY.jpFJhFOduZQiOwQg8r7UmheqrG5znu6,NULL,EMAIL
10000026,aanya.roy,aanya.roy@example.com,$2a$10$5s9xbuNG60CXT0S7SxLyY.jpFJhFOduZQiOwQg8r7UmheqrG5znu6,NULL,EMAIL
10000027,ravi.venkatesh,ravi.venkatesh@example.com,$2a$10$5s9xbuNG60CXT0S7SxLyY.jpFJhFOduZQiOwQg8r7UmheqrG5znu6,NULL,EMAIL
10000028,arjun.mehta,arjun.mehta@example.com,$2a$10$5s9xbuNG60CXT0S7SxLyY.jpFJhFOduZQiOwQg8r7UmheqrG5znu6,NULL,EMAIL
10000029,krishna.agarwal,krishna.agarwal@example.com,$2a$10$5s9xbuNG60CXT0S7SxLyY.jpFJhFOduZQiOwQg8r7UmheqrG5znu6,NULL,EMAIL
10000030,priya.roy,priya.roy@example.com,$2a$10$5s9xbuNG60CXT0S7SxLyY.jpFJhFOduZQiOwQg8r7UmheqrG5znu6,NULL,EMAIL
10000031,kavya.mehta,kavya.mehta@example.com,$2a$10$5s9xbuNG60CXT0S7SxLyY.jpFJhFOduZQiOwQg8r7UmheqrG5znu6,NULL,EMAIL
10000032,diya.mishra,diya.mishra@example.com,$2a$10$5s9xbuNG60CXT0S7SxLyY.jpFJhFOduZQiOwQg8r7UmheqrG5znu6,NULL,EMAIL
10000033,krishna.bhat,krishna.bhat@example.com,$2a$10$5s9xbuNG60CXT0S7SxLyY.jpFJhFOduZQiOwQg8r7UmheqrG5znu6,NULL,EMAIL
10000034,aditi.venkatesh,aditi.venkatesh@example.com,$2a$10$5s9xbuNG60CXT0S7SxLyY.jpFJhFOduZQiOwQg8r7UmheqrG5znu6,NULL,EMAIL
10000035,tanvi.pathak,tanvi.pathak@example.com,$2a$10$5s9xbuNG60CXT0S7SxLyY.jpFJhFOduZQiOwQg8r7UmheqrG5znu6,NULL,EMAIL
10000036,jyoti.bajaj,jyoti.bajaj@example.com,$2a$10$5s9xbuNG60CXT0S7SxLyY.jpFJhFOduZQiOwQg8r7UmheqrG5znu6,NULL,EMAIL
10000037,pooja.mehta,pooja.mehta@example.com,$2a$10$5s9xbuNG60CXT0S7SxLyY.jpFJhFOduZQiOwQg8r7UmheqrG5znu6,NULL,EMAIL
10000038,aditya.reddy,aditya.reddy@example.com,$2a$10$5s9xbuNG60CXT0S7SxLyY.jpFJhFOduZQiOwQg8r7UmheqrG5znu6,NULL,EMAIL
10000039,tanvi.purohit,tanvi.purohit@example.com,$2a$10$5s9xbuNG60CXT0S7SxLyY.jpFJhFOduZQiOwQg8r7UmheqrG5znu6,NULL,EMAIL
10000040,aditi.purohit,aditi.purohit@example.com,$2a$10$5s9xbuNG60CXT0S7SxLyY.jpFJhFOduZQiOwQg8r7UmheqrG5znu6,NULL,EMAIL
10000041,harsh.saxena,harsh.saxena@example.com,$2a$10$5s9xbuNG60CXT0S7SxLyY.jpFJhFOduZQiOwQg8r7UmheqrG5znu6,NULL,EMAIL
10000042,vivaan.purohit,vivaan.purohit@example.com,$2a$10$5s9xbuNG60CXT0S7SxLyY.jpFJhFOduZQiOwQg8r7UmheqrG5znu6,NULL,EMAIL
10000043,meera.gupta,meera.gupta@example.com,$2a$10$5s9xbuNG60CXT0S7SxLyY.jpFJhFOduZQiOwQg8r7UmheqrG5znu6,NULL,EMAIL
10000044,pooja.kaushik,pooja.kaushik@example.com,$2a$10$5s9xbuNG60CXT0S7SxLyY.jpFJhFOduZQiOwQg8r7UmheqrG5znu6,NULL,EMAIL
10000045,sunita.joshi,sunita.joshi@example.com,$2a$10$5s9xbuNG60CXT0S7SxLyY.jpFJhFOduZQiOwQg8r7UmheqrG5znu6,NULL,EMAIL
10000046,ananya.iyer,ananya.iyer@example.com,$2a$10$5s9xbuNG60CXT0S7SxLyY.jpFJhFOduZQiOwQg8r7UmheqrG5znu6,NULL,EMAIL
10000047,siddharth.yadav,siddharth.yadav@example.com,$2a$10$5s9xbuNG60CXT0S7SxLyY.jpFJhFOduZQiOwQg8r7UmheqrG5znu6,NULL,EMAIL
10000048,aditi.dubey,aditi.dubey@example.com,$2a$10$5s9xbuNG60CXT0S7SxLyY.jpFJhFOduZQiOwQg8r7UmheqrG5znu6,NULL,EMAIL
10000049,anil.naik,anil.naik@example.com,$2a$10$5s9xbuNG60CXT0S7SxLyY.jpFJhFOduZQiOwQg8r7UmheqrG5znu6,NULL,EMAIL
10000050,aditi.chatterjee,aditi.chatterjee@example.com,$2a$10$5s9xbuNG60CXT0S7SxLyY.jpFJhFOduZQiOwQg8r7UmheqrG5znu6,NULL,EMAIL
10000051,manish.jain,manish.jain@example.com,$2a$10$5s9xbuNG60CXT0S7SxLyY.jpFJhFOduZQiOwQg8r7UmheqrG5znu6,NULL,EMAIL
10000052,sanjay.jain,sanjay.jain@example.com,$2a$10$5s9xbuNG60CXT0S7SxLyY.jpFJhFOduZQiOwQg8r7UmheqrG5znu6,NULL,EMAIL
10000053,rajesh.jain,rajesh.jain@example.com,$2a$10$5s9xbuNG60CXT0S7SxLyY.jpFJhFOduZQiOwQg8r7UmheqrG5znu6,NULL,EMAIL
10000054,sunil.jain,sunil.jain@example.com,$2a$10$5s9xbuNG60CXT0S7SxLyY.jpFJhFOduZQiOwQg8r7UmheqrG5znu6,NULL,EMAIL
10000055,mukesh.jain,mukesh.jain@example.com,$2a$10$5s9xbuNG60CXT0S7SxLyY.jpFJhFOduZQiOwQg8r7UmheqrG5znu6,NULL,EMAIL
10000056,kavita.jain,kavita.jain@example.com,$2a$10$5s9xbuNG60CXT0S7SxLyY.jpFJhFOduZQiOwQg8r7UmheqrG5znu6,NULL,EMAIL
10000057,savita.jain,savita.jain@example.com,$2a$10$5s9xbuNG60CXT0S7SxLyY.jpFJhFOduZQiOwQg8r7UmheqrG5znu6,NULL,EMAIL
10000058,rekha.jain,rekha.jain@example.com,$2a$10$5s9xbuNG60CXT0S7SxLyY.jpFJhFOduZQiOwQg8r7UmheqrG5znu6,NULL,EMAIL
10000059,geeta.jain,geeta.jain@example.com,$2a$10$5s9xbuNG60CXT0S7SxLyY.jpFJhFOduZQiOwQg8r7UmheqrG5znu6,NULL,EMAIL
10000060,neeta.jain,neeta.jain@example.com,$2a$10$5s9xbuNG60CXT0S7SxLyY.jpFJhFOduZQiOwQg8r7UmheqrG5znu6,NULL,EMAIL
10000061,manish.shah,manish.shah@example.com,$2a$10$5s9xbuNG60CXT0S7SxLyY.jpFJhFOduZQiOwQg8r7UmheqrG5znu6,NULL,EMAIL
10000062,sanjay.shah,sanjay.shah@example.com,$2a$10$5s9xbuNG60CXT0S7SxLyY.jpFJhFOduZQiOwQg8r7UmheqrG5znu6,NULL,EMAIL
10000063,rajesh.shah,rajesh.shah@example.com,$2a$10$5s9xbuNG60CXT0S7SxLyY.jpFJhFOduZQiOwQg8r7UmheqrG5znu6,NULL,EMAIL
10000064,sunil.shah,sunil.shah@example.com,$2a$10$5s9xbuNG60CXT0S7SxLyY.jpFJhFOduZQiOwQg8r7UmheqrG5znu6,NULL,EMAIL
10000065,mukesh.shah,mukesh.shah@example.com,$2a$10$5s9xbuNG60CXT0S7SxLyY.jpFJhFOduZQiOwQg8r7UmheqrG5znu6,NULL,EMAIL
10000066,kavita.shah,kavita.shah@example.com,$2a$10$5s9xbuNG60CXT0S7SxLyY.jpFJhFOduZQiOwQg8r7UmheqrG5znu6,NULL,EMAIL
10000067,savita.shah,savita.shah@example.com,$2a$10$5s9xbuNG60CXT0S7SxLyY.jpFJhFOduZQiOwQg8r7UmheqrG5znu6,NULL,EMAIL
10000068,rekha.shah,rekha.shah@example.com,$2a$10$5s9xbuNG60CXT0S7SxLyY.jpFJhFOduZQiOwQg8r7UmheqrG5znu6,NULL,EMAIL
10000069,geeta.shah,geeta.shah@example.com,$2a$10$5s9xbuNG60CXT0S7SxLyY.jpFJhFOduZQiOwQg8r7UmheqrG5znu6,NULL,EMAIL
10000070,neeta.shah,neeta.shah@example.com,$2a$10$5s9xbuNG60CXT0S7SxLyY.jpFJhFOduZQiOwQg8r7UmheqrG5znu6,NULL,EMAIL
10000071,manish.desai,manish.desai@example.com,$2a$10$5s9xbuNG60CXT0S7SxLyY.jpFJhFOduZQiOwQg8r7UmheqrG5znu6,NULL,EMAIL
10000072,sanjay.desai,sanjay.desai@example.com,$2a$10$5s9xbuNG60CXT0S7SxLyY.jpFJhFOduZQiOwQg8r7UmheqrG5znu6,NULL,EMAIL
10000073,rajesh.desai,rajesh.desai@example.com,$2a$10$5s9xbuNG60CXT0S7SxLyY.jpFJhFOduZQiOwQg8r7UmheqrG5znu6,NULL,EMAIL
10000074,sunil.desai,sunil.desai@example.com,$2a$10$5s9xbuNG60CXT0S7SxLyY.jpFJhFOduZQiOwQg8r7UmheqrG5znu6,NULL,EMAIL
10000075,mukesh.desai,mukesh.desai@example.com,$2a$10$5s9xbuNG60CXT0S7SxLyY.jpFJhFOduZQiOwQg8r7UmheqrG5znu6,NULL,EMAIL
10000076,kavita.desai,kavita.desai@example.com,$2a$10$5s9xbuNG60CXT0S7SxLyY.jpFJhFOduZQiOwQg8r7UmheqrG5znu6,NULL,EMAIL
10000077,savita.desai,savita.desai@example.com,$2a$10$5s9xbuNG60CXT0S7SxLyY.jpFJhFOduZQiOwQg8r7UmheqrG5znu6,NULL,EMAIL
10000078,rekha.desai,rekha.desai@example.com,$2a$10$5s9xbuNG60CXT0S7SxLyY.jpFJhFOduZQiOwQg8r7UmheqrG5znu6,NULL,EMAIL
10000079,geeta.desai,geeta.desai@example.com,$2a$10$5s9xbuNG60CXT0S7SxLyY.jpFJhFOduZQiOwQg8r7UmheqrG5znu6,NULL,EMAIL
10000080,neeta.desai,neeta.desai@example.com,$2a$10$5s9xbuNG60CXT0S7SxLyY.jpFJhFOduZQiOwQg8r7UmheqrG5znu6,NULL,EMAIL
10000081,manish.parekh,manish.parekh@example.com,$2a$10$5s9xbuNG60CXT0S7SxLyY.jpFJhFOduZQiOwQg8r7UmheqrG5znu6,NULL,EMAIL
10000082,sanjay.parekh,sanjay.parekh@example.com,$2a$10$5s9xbuNG60CXT0S7SxLyY.jpFJhFOduZQiOwQg8r7UmheqrG5znu6,NULL,EMAIL
10000083,rajesh.parekh,rajesh.parekh@example.com,$2a$10$5s9xbuNG60CXT0S7SxLyY.jpFJhFOduZQiOwQg8r7UmheqrG5znu6,NULL,EMAIL
10000084,sunil.parekh,sunil.parekh@example.com,$2a$10$5s9xbuNG60CXT0S7SxLyY.jpFJhFOduZQiOwQg8r7UmheqrG5znu6,NULL,EMAIL
10000085,mukesh.parekh,mukesh.parekh@example.com,$2a$10$5s9xbuNG60CXT0S7SxLyY.jpFJhFOduZQiOwQg8r7UmheqrG5znu6,NULL,EMAIL
10000086,kavita.parekh,kavita.parekh@example.com,$2a$10$5s9xbuNG60CXT0S7SxLyY.jpFJhFOduZQiOwQg8r7UmheqrG5znu6,NULL,EMAIL
10000087,savita.parekh,savita.parekh@example.com,$2a$10$5s9xbuNG60CXT0S7SxLyY.jpFJhFOduZQiOwQg8r7UmheqrG5znu6,NULL,EMAIL
10000088,rekha.parekh,rekha.parekh@example.com,$2a$10$5s9xbuNG60CXT0S7SxLyY.jpFJhFOduZQiOwQg8r7UmheqrG5znu6,NULL,EMAIL
10000089,geeta.parekh,geeta.parekh@example.com,$2a$10$5s9xbuNG60CXT0S7SxLyY.jpFJhFOduZQiOwQg8r7UmheqrG5znu6,NULL,EMAIL
10000090,neeta.parekh,neeta.parekh@example.com,$2a$10$5s9xbuNG60CXT0S7SxLyY.jpFJhFOduZQiOwQg8r7UmheqrG5znu6,NULL,EMAIL
10000091,manish.dalal,manish.dalal@example.com,$2a$10$5s9xbuNG60CXT0S7SxLyY.jpFJhFOduZQiOwQg8r7UmheqrG5znu6,NULL,EMAIL
10000092,sanjay.dalal,sanjay.dalal@example.com,$2a$10$5s9xbuNG60CXT0S7SxLyY.jpFJhFOduZQiOwQg8r7UmheqrG5znu6,NULL,EMAIL
10000093,rajesh.dalal,rajesh.dalal@example.com,$2a$10$5s9xbuNG60CXT0S7SxLyY.jpFJhFOduZQiOwQg8r7UmheqrG5znu6,NULL,EMAIL
10000094,sunil.dalal,sunil.dalal@example.com,$2a$10$5s9xbuNG60CXT0S7SxLyY.jpFJhFOduZQiOwQg8r7UmheqrG5znu6,NULL,EMAIL
10000095,mukesh.dalal,mukesh.dalal@example.com,$2a$10$5s9xbuNG60CXT0S7SxLyY.jpFJhFOduZQiOwQg8r7UmheqrG5znu6,NULL,EMAIL
10000096,kavita.dalal,kavita.dalal@example.com,$2a$10$5s9xbuNG60CXT0S7SxLyY.jpFJhFOduZQiOwQg8r7UmheqrG5znu6,NULL,EMAIL
10000097,savita.dalal,savita.dalal@example.com,$2a$10$5s9xbuNG60CXT0S7SxLyY.jpFJhFOduZQiOwQg8r7UmheqrG5znu6,NULL,EMAIL
10000098,rekha.dalal,rekha.dalal@example.com,$2a$10$5s9xbuNG60CXT0S7SxLyY.jpFJhFOduZQiOwQg8r7UmheqrG5znu6,NULL,EMAIL
10000099,geeta.dalal,geeta.dalal@example.com,$2a$10$5s9xbuNG60CXT0S7SxLyY.jpFJhFOduZQiOwQg8r7UmheqrG5znu6,NULL,EMAIL
10000100,neeta.dalal,neeta.dalal@example.com,$2a$10$5s9xbuNG60CXT0S7SxLyY.jpFJhFOduZQiOwQg8r7UmheqrG5znu6,NULL,EMAIL
10000101,manish.mistry,manish.mistry@example.com,$2a$10$5s9xbuNG60CXT0S7SxLyY.jpFJhFOduZQiOwQg8r7UmheqrG5znu6,NULL,EMAIL
10000102,sanjay.mistry,sanjay.mistry@example.com,$2a$10$5s9xbuNG60CXT0S7SxLyY.jpFJhFOduZQiOwQg8r7UmheqrG5znu6,NULL,EMAIL
10000103,rajesh.mistry,rajesh.mistry@example.com,$2a$10$5s9xbuNG60CXT0S7SxLyY.jpFJhFOduZQiOwQg8r7UmheqrG5znu6,NULL,EMAIL
10000104,sunil.mistry,sunil.mistry@example.com,$2a$10$5s9xbuNG60CXT0S7SxLyY.jpFJhFOduZQiOwQg8r7UmheqrG5znu6,NULL,EMAIL
10000105,mukesh.mistry,mukesh.mistry@example.com,$2a$10$5s9xbuNG60CXT0S7SxLyY.jpFJhFOduZQiOwQg8r7UmheqrG5znu6,NULL,EMAIL
10000106,kavita.mistry,kavita.mistry@example.com,$2a$10$5s9xbuNG60CXT0S7SxLyY.jpFJhFOduZQiOwQg8r7UmheqrG5znu6,NULL,EMAIL
10000107,savita.mistry,savita.mistry@example.com,$2a$10$5s9xbuNG60CXT0S7SxLyY.jpFJhFOduZQiOwQg8r7UmheqrG5znu6,NULL,EMAIL
10000108,rekha.mistry,rekha.mistry@example.com,$2a$10$5s9xbuNG60CXT0S7SxLyY.jpFJhFOduZQiOwQg8r7UmheqrG5znu6,NULL,EMAIL
10000109,geeta.mistry,geeta.mistry@example.com,$2a$10$5s9xbuNG60CXT0S7SxLyY.jpFJhFOduZQiOwQg8r7UmheqrG5znu6,NULL,EMAIL
10000110,neeta.mistry,neeta.mistry@example.com,$2a$10$5s9xbuNG60CXT0S7SxLyY.jpFJhFOduZQiOwQg8r7UmheqrG5znu6,NULL,EMAIL
10000111,manish.trivedi,manish.trivedi@example.com,$2a$10$5s9xbuNG60CXT0S7SxLyY.jpFJhFOduZQiOwQg8r7UmheqrG5znu6,NULL,EMAIL
10000112,sanjay.trivedi,sanjay.trivedi@example.com,$2a$10$5s9xbuNG60CXT0S7SxLyY.jpFJhFOduZQiOwQg8r7UmheqrG5znu6,NULL,EMAIL
10000113,rajesh.trivedi,rajesh.trivedi@example.com,$2a$10$5s9xbuNG60CXT0S7SxLyY.jpFJhFOduZQiOwQg8r7UmheqrG5znu6,NULL,EMAIL
10000114,sunil.trivedi,sunil.trivedi@example.com,$2a$10$5s9xbuNG60CXT0S7SxLyY.jpFJhFOduZQiOwQg8r7UmheqrG5znu6,NULL,EMAIL
10000115,mukesh.trivedi,mukesh.trivedi@example.com,$2a$10$5s9xbuNG60CXT0S7SxLyY.jpFJhFOduZQiOwQg8r7UmheqrG5znu6,NULL,EMAIL
10000116,kavita.trivedi,kavita.trivedi@example.com,$2a$10$5s9xbuNG60CXT0S7SxLyY.jpFJhFOduZQiOwQg8r7UmheqrG5znu6,NULL,EMAIL
10000117,savita.trivedi,savita.trivedi@example.com,$2a$10$5s9xbuNG60CXT0S7SxLyY.jpFJhFOduZQiOwQg8r7UmheqrG5znu6,NULL,EMAIL
10000118,rekha.trivedi,rekha.trivedi@example.com,$2a$10$5s9xbuNG60CXT0S7SxLyY.jpFJhFOduZQiOwQg8r7UmheqrG5znu6,NULL,EMAIL
10000119,geeta.trivedi,geeta.trivedi@example.com,$2a$10$5s9xbuNG60CXT0S7SxLyY.jpFJhFOduZQiOwQg8r7UmheqrG5znu6,NULL,EMAIL
10000120,neeta.trivedi,neeta.trivedi@example.com,$2a$10$5s9xbuNG60CXT0S7SxLyY.jpFJhFOduZQiOwQg8r7UmheqrG5znu6,NULL,EMAIL
10000121,manish.vyas,manish.vyas@example.com,$2a$10$5s9xbuNG60CXT0S7SxLyY.jpFJhFOduZQiOwQg8r7UmheqrG5znu6,NULL,EMAIL
10000122,sanjay.vyas,sanjay.vyas@example.com,$2a$10$5s9xbuNG60CXT0S7SxLyY.jpFJhFOduZQiOwQg8r7UmheqrG5znu6,NULL,EMAIL
10000123,rajesh.vyas,rajesh.vyas@example.com,$2a$10$5s9xbuNG60CXT0S7SxLyY.jpFJhFOduZQiOwQg8r7UmheqrG5znu6,NULL,EMAIL
10000124,sunil.vyas,sunil.vyas@example.com,$2a$10$5s9xbuNG60CXT0S7SxLyY.jpFJhFOduZQiOwQg8r7UmheqrG5znu6,NULL,EMAIL
10000125,mukesh.vyas,mukesh.vyas@example.com,$2a$10$5s9xbuNG60CXT0S7SxLyY.jpFJhFOduZQiOwQg8r7UmheqrG5znu6,NULL,EMAIL
10000126,kavita.vyas,kavita.vyas@example.com,$2a$10$5s9xbuNG60CXT0S7SxLyY.jpFJhFOduZQiOwQg8r7UmheqrG5znu6,NULL,EMAIL
10000127,savita.vyas,savita.vyas@example.com,$2a$10$5s9xbuNG60CXT0S7SxLyY.jpFJhFOduZQiOwQg8r7UmheqrG5znu6,NULL,EMAIL
10000128,rekha.vyas,rekha.vyas@example.com,$2a$10$5s9xbuNG60CXT0S7SxLyY.jpFJhFOduZQiOwQg8r7UmheqrG5znu6,NULL,EMAIL
10000129,geeta.vyas,geeta.vyas@example.com,$2a$10$5s9xbuNG60CXT0S7SxLyY.jpFJhFOduZQiOwQg8r7UmheqrG5znu6,NULL,EMAIL
10000130,neeta.vyas,neeta.vyas@example.com,$2a$10$5s9xbuNG60CXT0S7SxLyY.jpFJhFOduZQiOwQg8r7UmheqrG5znu6,NULL,EMAIL
10000131,manish.chauhan,manish.chauhan@example.com,$2a$10$5s9xbuNG60CXT0S7SxLyY.jpFJhFOduZQiOwQg8r7UmheqrG5znu6,NULL,EMAIL
10000132,sanjay.chauhan,sanjay.chauhan@example.com,$2a$10$5s9xbuNG60CXT0S7SxLyY.jpFJhFOduZQiOwQg8r7UmheqrG5znu6,NULL,EMAIL
10000133,rajesh.chauhan,rajesh.chauhan@example.com,$2a$10$5s9xbuNG60CXT0S7SxLyY.jpFJhFOduZQiOwQg8r7UmheqrG5znu6,NULL,EMAIL
10000134,sunil.chauhan,sunil.chauhan@example.com,$2a$10$5s9xbuNG60CXT0S7SxLyY.jpFJhFOduZQiOwQg8r7UmheqrG5znu6,NULL,EMAIL
10000135,mukesh.chauhan,mukesh.chauhan@example.com,$2a$10$5s9xbuNG60CXT0S7SxLyY.jpFJhFOduZQiOwQg8r7UmheqrG5znu6,NULL,EMAIL
10000136,kavita.chauhan,kavita.chauhan@example.com,$2a$10$5s9xbuNG60CXT0S7SxLyY.jpFJhFOduZQiOwQg8r7UmheqrG5znu6,NULL,EMAIL
10000137,savita.chauhan,savita.chauhan@example.com,$2a$10$5s9xbuNG60CXT0S7SxLyY.jpFJhFOduZQiOwQg8r7UmheqrG5znu6,NULL,EMAIL
10000138,rekha.chauhan,rekha.chauhan@example.com,$2a$10$5s9xbuNG60CXT0S7SxLyY.jpFJhFOduZQiOwQg8r7UmheqrG5znu6,NULL,EMAIL
10000139,geeta.chauhan,geeta.chauhan@example.com,$2a$10$5s9xbuNG60CXT0S7SxLyY.jpFJhFOduZQiOwQg8r7UmheqrG5znu6,NULL,EMAIL
10000140,neeta.chauhan,neeta.chauhan@example.com,$2a$10$5s9xbuNG60CXT0S7SxLyY.jpFJhFOduZQiOwQg8r7UmheqrG5znu6,NULL,EMAIL
10000141,manish.chawla,manish.chawla@example.com,$2a$10$5s9xbuNG60CXT0S7SxLyY.jpFJhFOduZQiOwQg8r7UmheqrG5znu6,NULL,EMAIL
10000142,sanjay.chawla,sanjay.chawla@example.com,$2a$10$5s9xbuNG60CXT0S7SxLyY.jpFJhFOduZQiOwQg8r7UmheqrG5znu6,NULL,EMAIL
10000143,rajesh.chawla,rajesh.chawla@example.com,$2a$10$5s9xbuNG60CXT0S7SxLyY.jpFJhFOduZQiOwQg8r7UmheqrG5znu6,NULL,EMAIL
10000144,sunil.chawla,sunil.chawla@example.com,$2a$10$5s9xbuNG60CXT0S7SxLyY.jpFJhFOduZQiOwQg8r7UmheqrG5znu6,NULL,EMAIL
10000145,mukesh.chawla,mukesh.chawla@example.com,$2a$10$5s9xbuNG60CXT0S7SxLyY.jpFJhFOduZQiOwQg8r7UmheqrG5znu6,NULL,EMAIL
10000146,kavita.chawla,kavita.chawla@example.com,$2a$10$5s9xbuNG60CXT0S7SxLyY.jpFJhFOduZQiOwQg8r7UmheqrG5znu6,NULL,EMAIL
10000147,savita.chawla,savita.chawla@example.com,$2a$10$5s9xbuNG60CXT0S7SxLyY.jpFJhFOduZQiOwQg8r7UmheqrG5znu6,NULL,EMAIL
10000148,rekha.chawla,rekha.chawla@example.com,$2a$10$5s9xbuNG60CXT0S7SxLyY.jpFJhFOduZQiOwQg8r7UmheqrG5znu6,NULL,EMAIL
10000149,geeta.chawla,geeta.chawla@example.com,$2a$10$5s9xbuNG60CXT0S7SxLyY.jpFJhFOduZQiOwQg8r7UmheqrG5znu6,NULL,EMAIL
10000150,neeta.chawla,neeta.chawla@example.com,$2a$10$5s9xbuNG60CXT0S7SxLyY.jpFJhFOduZQiOwQg8r7UmheqrG5znu6,NULL,EMAIL