Image_id,date,url,pid
10001,2017-09-26,https://loremflickr.com/800/600/house?lock=767,50000093
10002,2023-06-10,https://loremflickr.com/800/600/house?lock=57,50000188
10003,2018-10-22,https://loremflickr.com/800/600/house?lock=95,50000082
10004,2025-01-02,https://loremflickr.com/800/600/house?lock=484,50000061
10005,2025-11-23,https://loremflickr.com/800/600/house?lock=51,50000166
10006,2024-11-25,https://loremflickr.com/800/600/house?lock=281,50000114
10007,2022-10-05,https://loremflickr.com/800/600/house?lock=771,50000078
10008,2021-10-08,https://loremflickr.com/800/600/house?lock=21,50000120
10009,2017-01-27,https://loremflickr.com/800/600/house?lock=534,50000044
10010,2017-10-04,https://loremflickr.com/800/600/house?lock=644,50000086
10011,2023-09-25,https://loremflickr.com/800/600/house?lock=396,50000181
10012,2023-06-07,https://loremflickr.com/800/600/house?lock=574,50000083
10013,2023-07-27,https://loremflickr.com/800/600/house?lock=764,50000100
10014,2017-09-28,https://loremflickr.com/800/600/house?lock=200,50000018
10015,2025-11-07,https://loremflickr.com/800/600/house?lock=559,50000075
10016,2025-07-12,https://loremflickr.com/800/600/house?lock=333,50000094
10017,2018-01-16,https://loremflickr.com/800/600/house?lock=41,50000006
10018,2014-04-01,https://loremflickr.com/800/600/house?lock=533,50000053
10019,2017-03-25,https://loremflickr.com/800/600/house?lock=515,50000109
10020,2014-12-22,https://loremflickr.com/800/600/house?lock=180,50000146
10021,2014-04-10,https://loremflickr.com/800/600/house?lock=783,50000008
10022,2015-01-11,https://loremflickr.com/800/600/house?lock=496,50000200
10023,2024-10-30,https://loremflickr.com/800/600/house?lock=139,50000010
10024,2017-01-26,https://loremflickr.com/800/600/house?lock=547,50000135
10025,2022-11-06,https://loremflickr.com/800/600/house?lock=367,50000055
10026,2016-04-05,https://loremflickr.com/800/600/house?lock=98,50000033
10027,2017-08-24,https://loremflickr.com/800/600/house?lock=272,50000118
10028,2014-09-12,https://loremflickr.com/800/600/house?lock=367,50000139
10029,2015-01-02,https://loremflickr.com/800/600/house?lock=858,50000119
10030,2016-05-18,https://loremflickr.com/800/600/house?lock=619,50000177
10031,2018-01-13,https://loremflickr.com/800/600/house?lock=988,50000036
10032,2015-03-17,https://loremflickr.com/800/600/house?lock=722,50000031
10033,2023-05-06,https://loremflickr.com/800/600/house?lock=820,50000103
10034,2018-02-27,https://loremflickr.com/800/600/house?lock=410,50000028
10035,2014-05-28,https://loremflickr.com/800/600/house?lock=336,50000096
10036,2015-10-01,https://loremflickr.com/800/600/house?lock=942,50000070
10037,2022-01-07,https://loremflickr.com/800/600/house?lock=817,50000105
10038,2014-11-09,https://loremflickr.com/800/600/house?lock=8,50000112
10039,2025-12-07,https://loremflickr.com/800/600/house?lock=60,50000043
10040,2020-04-15,https://loremflickr.com/800/600/house?lock=339,50000100
10041,2021-05-07,https://loremflickr.com/800/600/house?lock=96,50000066
10042,2016-12-30,https://loremflickr.com/800/600/house?lock=104,50000088
10043,2024-01-29,https://loremflickr.com/800/600/house?lock=906,50000100
10044,2019-08-01,https://loremflickr.com/800/600/house?lock=442,50000192
10045,2014-06-25,https://loremflickr.com/800/600/house?lock=358,50000187
10046,2018-07-26,https://loremflickr.com/800/600/house?lock=655,50000021
10047,2017-11-30,https://loremflickr.com/800/600/house?lock=145,50000079
10048,2014-09-03,https://loremflickr.com/800/600/house?lock=618,50000066
10049,2014-09-12,https://loremflickr.com/800/600/house?lock=517,50000020
10050,2024-10-22,https://loremflickr.com/800/600/house?lock=910,50000163
10051,2025-02-26,https://loremflickr.com/800/600/house?lock=68,50000120
10052,2025-02-24,https://loremflickr.com/800/600/house?lock=193,50000136
10053,2021-06-08,https://loremflickr.com/800/600/house?lock=810,50000059
10054,2016-10-18,https://loremflickr.com/800/600/house?lock=410,50000076
10055,2025-09-10,https://loremflickr.com/800/600/house?lock=340,50000198
10056,2019-07-12,https://loremflickr.com/800/600/house?lock=771,50000176
10057,2018-12-02,https://loremflickr.com/800/600/house?lock=666,50000172
10058,2018-02-24,https://loremflickr.com/800/600/house?lock=81,50000042
10059,2022-02-08,https://loremflickr.com/800/600/house?lock=250,50000030
10060,2016-07-10,https://loremflickr.com/800/600/house?lock=237,50000141
10061,2023-05-09,https://loremflickr.com/800/600/house?lock=285,50000016
10062,2020-11-24,https://loremflickr.com/800/600/house?lock=392,50000102
10063,2023-05-12,https://loremflickr.com/800/600/house?lock=126,50000090
10064,2020-11-05,https://loremflickr.com/800/600/house?lock=99,50000041
10065,2017-04-12,https://loremflickr.com/800/600/house?lock=978,50000031
10066,2016-08-06,https://loremflickr.com/800/600/house?lock=175,50000168
10067,2024-03-06,https://loremflickr.com/800/600/house?lock=360,50000171
10068,2015-04-24,https://loremflickr.com/800/600/house?lock=140,50000093
10069,2014-08-10,https://loremflickr.com/800/600/house?lock=916,50000063
10070,2025-01-19,https://loremflickr.com/800/600/house?lock=86,50000197
10071,2021-02-21,https://loremflickr.com/800/600/house?lock=803,50000046
10072,2024-08-25,https://loremflickr.com/800/600/house?lock=99,50000048
10073,2022-12-31,https://loremflickr.com/800/600/house?lock=114,50000025
10074,2016-11-11,https://loremflickr.com/800/600/house?lock=930,50000093
10075,2015-08-12,https://loremflickr.com/800/600/house?lock=524,50000084
10076,2015-05-13,https://loremflickr.com/800/600/house?lock=995,50000043
10077,2016-02-29,https://loremflickr.com/800/600/house?lock=130,50000014
10078,2023-02-21,https://loremflickr.com/800/600/house?lock=976,50000130
10079,2018-11-19,https://loremflickr.com/800/600/house?lock=301,50000123
10080,2024-04-10,https://loremflickr.com/800/600/house?lock=983,50000149
10081,2020-06-13,https://loremflickr.com/800/600/house?lock=182,50000128
10082,2016-03-06,https://loremflickr.com/800/600/house?lock=190,50000162
10083,2020-09-09,https://loremflickr.com/800/600/house?lock=527,50000114
10084,2016-02-14,https://loremflickr.com/800/600/house?lock=126,50000196
10085,2022-09-21,https://loremflickr.com/800/600/house?lock=142,50000105
10086,2016-11-03,https://loremflickr.com/800/600/house?lock=826,50000126
10087,2020-05-08,https://loremflickr.com/800/600/house?lock=606,50000045
10088,2025-08-26,https://loremflickr.com/800/600/house?lock=273,50000055
10089,2023-02-17,https://loremflickr.com/800/600/house?lock=108,50000144
10090,2025-08-25,https://loremflickr.com/800/600/house?lock=117,50000191
10091,2022-04-06,https://loremflickr.com/800/600/house?lock=351,50000085
10092,2014-01-26,https://loremflickr.com/800/600/house?lock=305,50000040
10093,2015-09-18,https://loremflickr.com/800/600/house?lock=104,50000060
10094,2025-02-22,https://loremflickr.com/800/600/house?lock=939,50000098
10095,2024-05-06,https://loremflickr.com/800/600/house?lock=307,50000023
10096,2015-07-20,https://loremflickr.com/800/600/house?lock=389,50000148
10097,2021-03-13,https://loremflickr.com/800/600/house?lock=744,50000016
10098,2025-03-28,https://loremflickr.com/800/600/house?lock=150,50000070
10099,2023-03-31,https://loremflickr.com/800/600/house?lock=429,50000053
10100,2018-09-20,https://loremflickr.com/800/600/house?lock=493,50000156
10101,2020-05-01,https://loremflickr.com/800/600/house?lock=619,50000037
10102,2024-06-20,https://loremflickr.com/800/600/house?lock=2,50000121
10103,2019-09-21,https://loremflickr.com/800/600/house?lock=32,50000158
10104,2024-08-14,https://loremflickr.com/800/600/house?lock=373,50000005
10105,2014-05-18,https://loremflickr.com/800/600/house?lock=517,50000181
10106,2019-01-19,https://loremflickr.com/800/600/house?lock=445,50000154
10107,2015-08-26,https://loremflickr.com/800/600/house?lock=499,50000138
10108,2018-07-03,https://loremflickr.com/800/600/house?lock=407,50000154
10109,2020-01-05,https://loremflickr.com/800/600/house?lock=545,50000189
10110,2015-07-14,https://loremflickr.com/800/600/house?lock=358,50000044
10111,2014-05-02,https://loremflickr.com/800/600/house?lock=758,50000001
10112,2020-04-11,https://loremflickr.com/800/600/house?lock=180,50000193
10113,2017-01-11,https://loremflickr.com/800/600/house?lock=684,50000181
10114,2016-08-02,https://loremflickr.com/800/600/house?lock=760,50000053
10115,2020-09-16,https://loremflickr.com/800/600/house?lock=193,50000113
10116,2017-01-16,https://loremflickr.com/800/600/house?lock=444,50000099
10117,2024-07-14,https://loremflickr.com/800/600/house?lock=281,50000185
10118,2020-02-28,https://loremflickr.com/800/600/house?lock=812,50000149
10119,2022-12-15,https://loremflickr.com/800/600/house?lock=256,50000163
10120,2015-03-20,https://loremflickr.com/800/600/house?lock=178,50000188
10121,2021-03-06,https://loremflickr.com/800/600/house?lock=521,50000081
10122,2020-08-22,https://loremflickr.com/800/600/house?lock=12,50000172
10123,2018-08-15,https://loremflickr.com/800/600/house?lock=717,50000135
10124,2023-03-21,https://loremflickr.com/800/600/house?lock=741,50000120
10125,2015-03-05,https://loremflickr.com/800/600/house?lock=992,50000167
10126,2018-03-12,https://loremflickr.com/800/600/house?lock=308,50000114
10127,2014-03-24,https://loremflickr.com/800/600/house?lock=187,50000045
10128,2024-08-02,https://loremflickr.com/800/600/house?lock=781,50000026
10129,2014-04-17,https://loremflickr.com/800/600/house?lock=997,50000197
10130,2021-07-11,https://loremflickr.com/800/600/house?lock=982,50000187
10131,2021-06-12,https://loremflickr.com/800/600/house?lock=287,50000101
10132,2025-05-27,https://loremflickr.com/800/600/house?lock=413,50000058
10133,2021-01-26,https://loremflickr.com/800/600/house?lock=446,50000129
10134,2017-09-09,https://loremflickr.com/800/600/house?lock=86,50000023
10135,2023-09-07,https://loremflickr.com/800/600/house?lock=577,50000155
10136,2023-09-14,https://loremflickr.com/800/600/house?lock=365,50000159
10137,2019-08-16,https://loremflickr.com/800/600/house?lock=758,50000107
10138,2024-04-12,https://loremflickr.com/800/600/house?lock=874,50000191
10139,2017-10-09,https://loremflickr.com/800/600/house?lock=163,50000089
10140,2019-05-08,https://loremflickr.com/800/600/house?lock=255,50000153
10141,2020-03-26,https://loremflickr.com/800/600/house?lock=413,50000029
10142,2022-07-25,https://loremflickr.com/800/600/house?lock=152,50000040
10143,2018-11-26,https://loremflickr.com/800/600/house?lock=706,50000164
10144,2025-03-12,https://loremflickr.com/800/600/house?lock=882,50000179
10145,2021-11-22,https://loremflickr.com/800/600/house?lock=496,50000141
10146,2018-07-15,https://loremflickr.com/800/600/house?lock=728,50000063
10147,2024-08-11,https://loremflickr.com/800/600/house?lock=437,50000174
10148,2018-02-14,https://loremflickr.com/800/600/house?lock=435,50000043
10149,2021-05-12,https://loremflickr.com/800/600/house?lock=821,50000032
10150,2024-11-03,https://loremflickr.com/800/600/house?lock=170,50000029
10151,2017-10-18,https://loremflickr.com/800/600/house?lock=633,50000063
10152,2025-07-22,https://loremflickr.com/800/600/house?lock=834,50000002
10153,2016-02-18,https://loremflickr.com/800/600/house?lock=996,50000180
10154,2019-09-17,https://loremflickr.com/800/600/house?lock=883,50000050
10155,2017-02-13,https://loremflickr.com/800/600/house?lock=940,50000036
10156,2023-06-30,https://loremflickr.com/800/600/house?lock=971,50000174
10157,2025-11-17,https://loremflickr.com/800/600/house?lock=98,50000094
10158,2019-09-22,https://loremflickr.com/800/600/house?lock=129,50000171
10159,2016-02-25,https://loremflickr.com/800/600/house?lock=890,50000073
10160,2018-01-02,https://loremflickr.com/800/600/house?lock=511,50000175
10161,2024-06-14,https://loremflickr.com/800/600/house?lock=453,50000024
10162,2025-03-25,https://loremflickr.com/800/600/house?lock=982,50000087
10163,2025-09-08,https://loremflickr.com/800/600/house?lock=898,50000147
10164,2025-03-24,https://loremflickr.com/800/600/house?lock=24,50000107
10165,2016-06-06,https://loremflickr.com/800/600/house?lock=408,50000011
10166,2020-08-13,https://loremflickr.com/800/600/house?lock=361,50000080
10167,2015-05-29,https://loremflickr.com/800/600/house?lock=78,50000062
10168,2019-07-24,https://loremflickr.com/800/600/house?lock=661,50000157
10169,2024-07-28,https://loremflickr.com/800/600/house?lock=854,50000064
10170,2020-05-27,https://loremflickr.com/800/600/house?lock=229,50000091
10171,2020-12-05,https://loremflickr.com/800/600/house?lock=223,50000080
10172,2025-09-06,https://loremflickr.com/800/600/house?lock=293,50000141
10173,2025-02-09,https://loremflickr.com/800/600/house?lock=707,50000004
10174,2018-04-11,https://loremflickr.com/800/600/house?lock=777,50000162
10175,2024-09-27,https://loremflickr.com/800/600/house?lock=381,50000104
10176,2015-04-10,https://loremflickr.com/800/600/house?lock=995,50000110
10177,2024-11-17,https://loremflickr.com/800/600/house?lock=511,50000105
10178,2015-08-25,https://loremflickr.com/800/600/house?lock=877,50000038
10179,2014-02-19,https://loremflickr.com/800/600/house?lock=563,50000200
10180,2018-02-26,https://loremflickr.com/800/600/house?lock=49,50000025
10181,2025-10-17,https://loremflickr.com/800/600/house?lock=821,50000182
10182,2023-04-16,https://loremflickr.com/800/600/house?lock=418,50000011
10183,2022-07-08,https://loremflickr.com/800/600/house?lock=243,50000092
10184,2025-07-07,https://loremflickr.com/800/600/house?lock=186,50000186
10185,2019-10-22,https://loremflickr.com/800/600/house?lock=44,50000078
10186,2015-10-01,https://loremflickr.com/800/600/house?lock=168,50000118
10187,2023-09-24,https://loremflickr.com/800/600/house?lock=485,50000051
10188,2018-05-15,https://loremflickr.com/800/600/house?lock=583,50000183
10189,2021-10-21,https://loremflickr.com/800/600/house?lock=982,50000091
10190,2022-01-07,https://loremflickr.com/800/600/house?lock=654,50000068
10191,2021-02-20,https://loremflickr.com/800/600/house?lock=720,50000019
10192,2025-04-16,https://loremflickr.com/800/600/house?lock=291,50000082
10193,2018-05-16,https://loremflickr.com/800/600/house?lock=392,50000198
10194,2016-10-18,https://loremflickr.com/800/600/house?lock=201,50000088
10195,2017-04-03,https://loremflickr.com/800/600/house?lock=431,50000106
10196,2023-07-19,https://loremflickr.com/800/600/house?lock=122,50000071
10197,2019-03-30,https://loremflickr.com/800/600/house?lock=516,50000145
10198,2015-03-19,https://loremflickr.com/800/600/house?lock=643,50000163
10199,2022-05-04,https://loremflickr.com/800/600/house?lock=257,50000133
10200,2023-06-08,https://loremflickr.com/800/600/house?lock=721,50000076
10201,2017-08-18,https://loremflickr.com/800/600/house?lock=662,50000187
10202,2021-07-03,https://loremflickr.com/800/600/house?lock=441,50000169
10203,2025-06-29,https://loremflickr.com/800/600/house?lock=319,50000190
10204,2016-06-28,https://loremflickr.com/800/600/house?lock=479,50000072
10205,2023-03-31,https://loremflickr.com/800/600/house?lock=620,50000106
10206,2023-06-05,https://loremflickr.com/800/600/house?lock=891,50000035
10207,2024-12-16,https://loremflickr.com/800/600/house?lock=893,50000108
10208,2024-08-26,https://loremflickr.com/800/600/house?lock=207,50000005
10209,2023-11-02,https://loremflickr.com/800/600/house?lock=886,50000084
10210,2018-07-13,https://loremflickr.com/800/600/house?lock=856,50000124
10211,2016-03-10,https://loremflickr.com/800/600/house?lock=914,50000101
10212,2015-01-24,https://loremflickr.com/800/600/house?lock=983,50000166
10213,2017-07-17,https://loremflickr.com/800/600/house?lock=430,50000022
10214,2018-06-15,https://loremflickr.com/800/600/house?lock=14,50000083
10215,2022-04-19,https://loremflickr.com/800/600/house?lock=151,50000150
10216,2020-05-03,https://loremflickr.com/800/600/house?lock=394,50000151
10217,2023-03-01,https://loremflickr.com/800/600/house?lock=3,50000125
10218,2018-07-23,https://loremflickr.com/800/600/house?lock=888,50000084
10219,2017-12-30,https://loremflickr.com/800/600/house?lock=361,50000036
10220,2014-07-20,https://loremflickr.com/800/600/house?lock=474,50000097
10221,2022-07-06,https://loremflickr.com/800/600/house?lock=803,50000034
10222,2018-12-04,https://loremflickr.com/800/600/house?lock=48,50000137
10223,2025-01-05,https://loremflickr.com/800/600/house?lock=111,50000179
10224,2025-01-14,https://loremflickr.com/800/600/house?lock=990,50000098
10225,2022-09-18,https://loremflickr.com/800/600/house?lock=625,50000165
10226,2014-09-14,https://loremflickr.com/800/600/house?lock=748,50000098
10227,2016-02-18,https://loremflickr.com/800/600/house?lock=494,50000015
10228,2021-04-01,https://loremflickr.com/800/600/house?lock=390,50000117
10229,2018-02-02,https://loremflickr.com/800/600/house?lock=528,50000089
10230,2015-03-23,https://loremflickr.com/800/600/house?lock=900,50000020
10231,2016-09-11,https://loremflickr.com/800/600/house?lock=430,50000079
10232,2022-07-22,https://loremflickr.com/800/600/house?lock=619,50000049
10233,2021-08-26,https://loremflickr.com/800/600/house?lock=416,50000178
10234,2025-12-31,https://loremflickr.com/800/600/house?lock=746,50000124
10235,2020-05-05,https://loremflickr.com/800/600/house?lock=810,50000152
10236,2018-10-09,https://loremflickr.com/800/600/house?lock=246,50000012
10237,2024-11-04,https://loremflickr.com/800/600/house?lock=887,50000158
10238,2015-12-15,https://loremflickr.com/800/600/house?lock=799,50000152
10239,2016-02-02,https://loremflickr.com/800/600/house?lock=302,50000162
10240,2024-07-20,https://loremflickr.com/800/600/house?lock=800,50000128
10241,2015-04-05,https://loremflickr.com/800/600/house?lock=141,50000153
10242,2025-08-15,https://loremflickr.com/800/600/house?lock=628,50000048
10243,2024-09-03,https://loremflickr.com/800/600/house?lock=233,50000104
10244,2023-06-15,https://loremflickr.com/800/600/house?lock=18,50000069
10245,2015-06-12,https://loremflickr.com/800/600/house?lock=765,50000157
10246,2019-01-26,https://loremflickr.com/800/600/house?lock=833,50000068
10247,2015-01-24,https://loremflickr.com/800/600/house?lock=618,50000167
10248,2015-08-08,https://loremflickr.com/800/600/house?lock=697,50000063
10249,2017-09-08,https://loremflickr.com/800/600/house?lock=697,50000073
10250,2014-06-17,https://loremflickr.com/800/600/house?lock=151,50000187
10251,2025-08-25,https://loremflickr.com/800/600/house?lock=45,50000164
10252,2016-04-11,https://loremflickr.com/800/600/house?lock=244,50000065
10253,2015-11-26,https://loremflickr.com/800/600/house?lock=757,50000160
10254,2025-11-05,https://loremflickr.com/800/600/house?lock=926,50000078
10255,2020-05-13,https://loremflickr.com/800/600/house?lock=832,50000118
10256,2017-08-14,https://loremflickr.com/800/600/house?lock=564,50000068
10257,2020-03-21,https://loremflickr.com/800/600/house?lock=712,50000052
10258,2023-10-23,https://loremflickr.com/800/600/house?lock=364,50000049
10259,2016-05-04,https://loremflickr.com/800/600/house?lock=620,50000134
10260,2021-10-14,https://loremflickr.com/800/600/house?lock=855,50000003
10261,2014-10-26,https://loremflickr.com/800/600/house?lock=951,50000009
10262,2014-12-01,https://loremflickr.com/800/600/house?lock=850,50000104
10263,2022-03-02,https://loremflickr.com/800/600/house?lock=278,50000047
10264,2017-07-29,https://loremflickr.com/800/600/house?lock=41,50000121
10265,2020-11-06,https://loremflickr.com/800/600/house?lock=507,50000027
10266,2025-10-06,https://loremflickr.com/800/600/house?lock=316,50000043
10267,2020-12-07,https://loremflickr.com/800/600/house?lock=834,50000111
10268,2019-05-01,https://loremflickr.com/800/600/house?lock=28,50000129
10269,2021-12-17,https://loremflickr.com/800/600/house?lock=338,50000127
10270,2024-06-22,https://loremflickr.com/800/600/house?lock=126,50000133
10271,2015-07-08,https://loremflickr.com/800/600/house?lock=949,50000100
10272,2021-06-01,https://loremflickr.com/800/600/house?lock=702,50000059
10273,2023-12-09,https://loremflickr.com/800/600/house?lock=495,50000154
10274,2021-01-17,https://loremflickr.com/800/600/house?lock=166,50000087
10275,2021-04-20,https://loremflickr.com/800/600/house?lock=277,50000055
10276,2023-02-20,https://loremflickr.com/800/600/house?lock=607,50000192
10277,2020-06-21,https://loremflickr.com/800/600/house?lock=36,50000095
10278,2025-11-12,https://loremflickr.com/800/600/house?lock=898,50000005
10279,2023-09-08,https://loremflickr.com/800/600/house?lock=997,50000089
10280,2020-02-17,https://loremflickr.com/800/600/house?lock=535,50000178
10281,2019-10-12,https://loremflickr.com/800/600/house?lock=341,50000106
10282,2024-11-22,https://loremflickr.com/800/600/house?lock=915,50000099
10283,2014-02-22,https://loremflickr.com/800/600/house?lock=655,50000051
10284,2022-08-11,https://loremflickr.com/800/600/house?lock=856,50000074
10285,2016-01-01,https://loremflickr.com/800/600/house?lock=767,50000073
10286,2018-09-21,https://loremflickr.com/800/600/house?lock=145,50000003
10287,2015-06-28,https://loremflickr.com/800/600/house?lock=442,50000003
10288,2016-11-07,https://loremflickr.com/800/600/house?lock=240,50000124
10289,2016-11-15,https://loremflickr.com/800/600/house?lock=436,50000172
10290,2022-09-21,https://loremflickr.com/800/600/house?lock=241,50000005
10291,2020-03-30,https://loremflickr.com/800/600/house?lock=3,50000109
10292,2017-03-25,https://loremflickr.com/800/600/house?lock=604,50000093
10293,2017-01-13,https://loremflickr.com/800/600/house?lock=293,50000182
10294,2024-10-22,https://loremflickr.com/800/600/house?lock=813,50000003
10295,2019-08-06,https://loremflickr.com/800/600/house?lock=858,50000180
10296,2014-12-20,https://loremflickr.com/800/600/house?lock=523,50000132
10297,2022-08-30,https://loremflickr.com/800/600/house?lock=514,50000067
10298,2018-03-19,https://loremflickr.com/800/600/house?lock=146,50000041
10299,2014-05-18,https://loremflickr.com/800/600/house?lock=596,50000199
10300,2023-07-23,https://loremflickr.com/800/600/house?lock=37,50000007
10301,2023-10-08,https://loremflickr.com/800/600/house?lock=723,50000042
10302,2020-09-29,https://loremflickr.com/800/600/house?lock=722,50000066
10303,2021-12-08,https://loremflickr.com/800/600/house?lock=35,50000075
10304,2014-02-06,https://loremflickr.com/800/600/house?lock=793,50000148
10305,2015-07-29,https://loremflickr.com/800/600/house?lock=471,50000010
10306,2023-06-25,https://loremflickr.com/800/600/house?lock=399,50000174
10307,2023-06-06,https://loremflickr.com/800/600/house?lock=674,50000135
10308,2018-09-15,https://loremflickr.com/800/600/house?lock=710,50000108
10309,2021-10-02,https://loremflickr.com/800/600/house?lock=922,50000056
10310,2020-10-27,https://loremflickr.com/800/600/house?lock=354,50000045
10311,2015-03-05,https://loremflickr.com/800/600/house?lock=870,50000124
10312,2015-11-29,https://loremflickr.com/800/600/house?lock=917,50000156
10313,2014-02-21,https://loremflickr.com/800/600/house?lock=700,50000051
10314,2024-01-12,https://loremflickr.com/800/600/house?lock=994,50000131
10315,2019-04-06,https://loremflickr.com/800/600/house?lock=372,50000187
10316,2015-09-23,https://loremflickr.com/800/600/house?lock=526,50000013
10317,2015-09-13,https://loremflickr.com/800/600/house?lock=421,50000044
10318,2020-01-04,https://loremflickr.com/800/600/house?lock=847,50000027
10319,2020-05-06,https://loremflickr.com/800/600/house?lock=993,50000184
10320,2020-09-01,https://loremflickr.com/800/600/house?lock=940,50000195
10321,2016-01-07,https://loremflickr.com/800/600/house?lock=516,50000031
10322,2014-02-24,https://loremflickr.com/800/600/house?lock=94,50000092
10323,2015-11-23,https://loremflickr.com/800/600/house?lock=482,50000141
10324,2025-04-21,https://loremflickr.com/800/600/house?lock=743,50000028
10325,2021-08-21,https://loremflickr.com/800/600/house?lock=559,50000078
10326,2014-05-22,https://loremflickr.com/800/600/house?lock=816,50000180
10327,2023-09-16,https://loremflickr.com/800/600/house?lock=878,50000195
10328,2022-06-20,https://loremflickr.com/800/600/house?lock=948,50000119
10329,2014-08-25,https://loremflickr.com/800/600/house?lock=489,50000025
10330,2021-06-02,https://loremflickr.com/800/600/house?lock=185,50000034
10331,2015-07-07,https://loremflickr.com/800/600/house?lock=921,50000050
10332,2021-03-26,https://loremflickr.com/800/600/house?lock=283,50000012
10333,2022-10-25,https://loremflickr.com/800/600/house?lock=766,50000147
10334,2019-02-27,https://loremflickr.com/800/600/house?lock=839,50000140
10335,2014-10-23,https://loremflickr.com/800/600/house?lock=452,50000007
10336,2014-01-10,https://loremflickr.com/800/600/house?lock=461,50000116
10337,2016-06-07,https://loremflickr.com/800/600/house?lock=733,50000020
10338,2017-12-30,https://loremflickr.com/800/600/house?lock=410,50000194
10339,2014-11-15,https://loremflickr.com/800/600/house?lock=33,50000039
10340,2018-01-13,https://loremflickr.com/800/600/house?lock=885,50000022
10341,2017-07-28,https://loremflickr.com/800/600/house?lock=197,50000200
10342,2019-05-19,https://loremflickr.com/800/600/house?lock=698,50000144
10343,2014-11-16,https://loremflickr.com/800/600/house?lock=444,50000153
10344,2015-01-06,https://loremflickr.com/800/600/house?lock=35,50000146
10345,2020-02-28,https://loremflickr.com/800/600/house?lock=495,50000157
10346,2015-05-17,https://loremflickr.com/800/600/house?lock=320,50000113
10347,2022-08-31,https://loremflickr.com/800/600/house?lock=114,50000005
10348,2024-03-16,https://loremflickr.com/800/600/house?lock=877,50000057
10349,2014-07-08,https://loremflickr.com/800/600/house?lock=160,50000069
10350,2019-08-26,https://loremflickr.com/800/600/house?lock=742,50000148
10351,2023-07-04,https://loremflickr.com/800/600/house?lock=982,50000180
10352,2020-10-11,https://loremflickr.com/800/600/house?lock=969,50000110
10353,2019-07-02,https://loremflickr.com/800/600/house?lock=586,50000138
10354,2018-04-01,https://loremflickr.com/800/600/house?lock=485,50000032
10355,2017-05-03,https://loremflickr.com/800/600/house?lock=778,50000023
10356,2021-06-09,https://loremflickr.com/800/600/house?lock=612,50000031
10357,2025-04-22,https://loremflickr.com/800/600/house?lock=11,50000184
10358,2025-11-11,https://loremflickr.com/800/600/house?lock=946,50000196
10359,2018-10-13,https://loremflickr.com/800/600/house?lock=203,50000175
10360,2023-06-19,https://loremflickr.com/800/600/house?lock=288,50000182
10361,2020-05-15,https://loremflickr.com/800/600/house?lock=487,50000177
10362,2020-03-21,https://loremflickr.com/800/600/house?lock=721,50000109
10363,2017-12-22,https://loremflickr.com/800/600/house?lock=50,50000149
10364,2015-04-27,https://loremflickr.com/800/600/house?lock=850,50000132
10365,2024-04-18,https://loremflickr.com/800/600/house?lock=481,50000017
10366,2023-03-19,https://loremflickr.com/800/600/house?lock=535,50000185
10367,2016-10-20,https://loremflickr.com/800/600/house?lock=858,50000058
10368,2020-05-13,https://loremflickr.com/800/600/house?lock=408,50000173
10369,2019-12-25,https://loremflickr.com/800/600/house?lock=185,50000041
10370,2022-12-06,https://loremflickr.com/800/600/house?lock=881,50000064
10371,2023-09-30,https://loremflickr.com/800/600/house?lock=307,50000034
10372,2025-11-10,https://loremflickr.com/800/600/house?lock=618,50000083
10373,2015-05-24,https://loremflickr.com/800/600/house?lock=606,50000012
10374,2017-09-06,https://loremflickr.com/800/600/house?lock=256,50000161
10375,2019-09-07,https://loremflickr.com/800/600/house?lock=188,50000186
10376,2023-07-07,https://loremflickr.com/800/600/house?lock=139,50000118
10377,2017-04-18,https://loremflickr.com/800/600/house?lock=62,50000139
10378,2015-05-14,https://loremflickr.com/800/600/house?lock=447,50000075
10379,2024-06-26,https://loremflickr.com/800/600/house?lock=457,50000052
10380,2021-05-04,https://loremflickr.com/800/600/house?lock=336,50000113
10381,2025-05-19,https://loremflickr.com/800/600/house?lock=714,50000040
10382,2019-01-27,https://loremflickr.com/800/600/house?lock=655,50000115
10383,2020-02-03,https://loremflickr.com/800/600/house?lock=562,50000130
10384,2015-05-06,https://loremflickr.com/800/600/house?lock=941,50000134
10385,2019-10-20,https://loremflickr.com/800/600/house?lock=407,50000115
10386,2020-12-26,https://loremflickr.com/800/600/house?lock=390,50000190
10387,2023-12-13,https://loremflickr.com/800/600/house?lock=977,50000041
10388,2017-10-21,https://loremflickr.com/800/600/house?lock=245,50000126
10389,2014-01-13,https://loremflickr.com/800/600/house?lock=161,50000119
10390,2014-11-13,https://loremflickr.com/800/600/house?lock=949,50000142
10391,2017-05-14,https://loremflickr.com/800/600/house?lock=631,50000196
10392,2014-06-08,https://loremflickr.com/800/600/house?lock=598,50000122
10393,2014-04-15,https://loremflickr.com/800/600/house?lock=350,50000170
10394,2023-04-26,https://loremflickr.com/800/600/house?lock=16,50000143
10395,2020-04-12,https://loremflickr.com/800/600/house?lock=688,50000121
10396,2017-10-01,https://loremflickr.com/800/600/house?lock=423,50000050
10397,2018-04-20,https://loremflickr.com/800/600/house?lock=741,50000065
10398,2023-01-02,https://loremflickr.com/800/600/house?lock=346,50000054
10399,2015-03-28,https://loremflickr.com/800/600/house?lock=9,50000077
10400,2022-03-09,https://loremflickr.com/800/600/house?lock=706,50000154