id,deleted,email,password,provider_id,provider_type,username
100001,0,admin@urban.enc,$2a$10$5s9xbuNG60CXT0S7SxLyY.jpFJhFOduZQiOwQg8r7UmheqrG5znu6,NULL,EMAIL,admin
100002,0,office.delhi@urban.enc,$2a$10$5s9xbuNG60CXT0S7SxLyY.jpFJhFOduZQiOwQg8r7UmheqrG5znu6,NULL,EMAIL,office.delhi
100003,0,office.mumbai@urban.enc,$2a$10$5s9xbuNG60CXT0S7SxLyY.jpFJhFOduZQiOwQg8r7UmheqrG5znu6,NULL,EMAIL,office.mumbai
100004,0,office.licknow@urban.enc,$2a$10$5s9xbuNG60CXT0S7SxLyY.jpFJhFOduZQiOwQg8r7UmheqrG5znu6,NULL,EMAIL,office.lucknow
100005,0,office.gwalior@urban.enc,$2a$10$5s9xbuNG60CXT0S7SxLyY.jpFJhFOduZQiOwQg8r7UmheqrG5znu6,NULL,EMAIL,office.gwalior
100006,0,office.guwahati@urban.enc,$2a$10$5s9xbuNG60CXT0S7SxLyY.jpFJhFOduZQiOwQg8r7UmheqrG5znu6,NULL,EMAIL,office.guwahati
10000001,0,aditya.sharma@example.com,$2a$10$5s9xbuNG60CXT0S7SxLyY.jpFJhFOduZQiOwQg8r7UmheqrG5znu6,NULL,EMAIL,aditya.sharma
10000002,0,krishna.rastogi@example.com,$2a$10$5s9xbuNG60CXT0S7SxLyY.jpFJhFOduZQiOwQg8r7UmheqrG5znu6,NULL,EMAIL,krishna.rastogi
10000003,0,kiran.saxena@example.com,$2a$10$5s9xbuNG60CXT0S7SxLyY.jpFJhFOduZQiOwQg8r7UmheqrG5znu6,NULL,EMAIL,kiran.saxena
10000004,0,nikhil.das@example.com,$2a$10$5s9xbuNG60CXT0S7SxLyY.jpFJhFOduZQiOwQg8r7UmheqrG5znu6,NULL,EMAIL,nikhil.das
10000005,0,nitya.dutta@example.com,$2a$10$5s9xbuNG60CXT0S7SxLyY.jpFJhFOduZQiOwQg8r7UmheqrG5znu6,NULL,EMAIL,nitya.dutta
10000006,0,shiv.dubey@example.com,$2a$10$5s9xbuNG60CXT0S7SxLyY.jpFJhFOduZQiOwQg8r7UmheqrG5znu6,NULL,EMAIL,shiv.dubey
10000007,0,anushka.bhargava@example.com,$2a$10$5s9xbuNG60CXT0S7SxLyY.jpFJhFOduZQiOwQg8r7UmheqrG5znu6,NULL,EMAIL,anushka.bhargava
10000008,0,nandini.patel@example.com,$2a$10$5s9xbuNG60CXT0S7SxLyY.jpFJhFOduZQiOwQg8r7UmheqrG5znu6,NULL,EMAIL,nandini.patel
10000009,0,akhil.das@example.com,$2a$10$5s9xbuNG60CXT0S7SxLyY.jpFJhFOduZQiOwQg8r7UmheqrG5znu6,NULL,EMAIL,akhil.das
10000010,0,deepa.shetty@example.com,$2a$10$5s9xbuNG60CXT0S7SxLyY.jpFJhFOduZQiOwQg8r7UmheqrG5znu6,NULL,EMAIL,deepa.shetty
10000011,0,sai.rastogi@example.com,$2a$10$5s9xbuNG60CXT0S7SxLyY.jpFJhFOduZQiOwQg8r7UmheqrG5znu6,NULL,EMAIL,sai.rastogi
10000012,0,kiran.singh@example.com,$2a$10$5s9xbuNG60CXT0S7SxLyY.jpFJhFOduZQiOwQg8r7UmheqrG5znu6,NULL,EMAIL,kiran.singh
10000013,0,ravi.lal@example.com,$2a$10$5s9xbuNG60CXT0S7SxLyY.jpFJhFOduZQiOwQg8r7UmheqrG5znu6,NULL,EMAIL,ravi.lal
10000014,0,arjun.lal@example.com,$2a$10$5s9xbuNG60CXT0S7SxLyY.jpFJhFOduZQiOwQg8r7UmheqrG5znu6,NULL,EMAIL,arjun.lal
10000015,0,kartik.das@example.com,$2a$10$5s9xbuNG60CXT0S7SxLyY.jpFJhFOduZQiOwQg8r7UmheqrG5znu6,NULL,EMAIL,kartik.das
10000016,0,ishita.kapoor@example.com,$2a$10$5s9xbuNG60CXT0S7SxLyY.jpFJhFOduZQiOwQg8r7UmheqrG5znu6,NULL,EMAIL,ishita.kapoor
10000017,0,rahul.kulkarni@example.com,$2a$10$5s9xbuNG60CXT0S7SxLyY.jpFJhFOduZQiOwQg8r7UmheqrG5znu6,NULL,EMAIL,rahul.kulkarni
10000018,0,vihaan.dubey@example.com,$2a$10$5s9xbuNG60CXT0S7SxLyY.jpFJhFOduZQiOwQg8r7UmheqrG5znu6,NULL,EMAIL,vihaan.dubey
10000019,0,rhea.reddy@example.com,$2a$10$5s9xbuNG60CXT0S7SxLyY.jpFJhFOduZQiOwQg8r7UmheqrG5znu6,NULL,EMAIL,rhea.reddy
10000020,0,sai.reddy@example.com,$2a$10$5s9xbuNG60CXT0S7SxLyY.jpFJhFOduZQiOwQg8r7UmheqrG5znu6,NULL,EMAIL,sai.reddy
10000021,0,kiran.bhargava@example.com,$2a$10$5s9xbuNG60CXT0S7SxLyY.jpFJhFOduZQiOwQg8r7UmheqrG5znu6,NULL,EMAIL,kiran.bhargava
10000022,0,krishna.lal@example.com,$2a$10$5s9xbuNG60CXT0S7SxLyY.jpFJhFOduZQiOwQg8r7UmheqrG5znu6,NULL,EMAIL,krishna.lal
10000023,0,tanvi.yadav@example.com,$2a$10$5s9xbuNG60CXT0S7SxLyY.jpFJhFOduZQiOwQg8r7UmheqrG5znu6,NULL,EMAIL,tanvi.yadav
10000024,0,priya.patel@example.com,$2a$10$5s9xbuNG60CXT0S7SxLyY.jpFJhFOduZQiOwQg8r7UmheqrG5znu6,NULL,EMAIL,priya.patel
10000025,0,lata.reddy@example.com,$2a$10$5s9xbuNG60CXT0S7SxLyY.jpFJhFOduZQiOwQg8r7UmheqrG5znu6,NULL,EMAIL,lata.reddy
10000026,0,aanya.roy@example.com,$2a$10$5s9xbuNG60CXT0S7SxLyY.jpFJhFOduZQiOwQg8r7UmheqrG5znu6,NULL,EMAIL,aanya.roy
10000027,0,ravi.venkatesh@example.com,$2a$10$5s9xbuNG60CXT0S7SxLyY.jpFJhFOduZQiOwQg8r7UmheqrG5znu6,NULL,EMAIL,ravi.venkatesh
10000028,0,arjun.mehta@example.com,$2a$10$5s9xbuNG60CXT0S7SxLyY.jpFJhFOduZQiOwQg8r7UmheqrG5znu6,NULL,EMAIL,arjun.mehta
10000029,0,krishna.agarwal@example.com,$2a$10$5s9xbuNG60CXT0S7SxLyY.jpFJhFOduZQiOwQg8r7UmheqrG5znu6,NULL,EMAIL,krishna.agarwal
10000030,0,priya.roy@example.com,$2a$10$5s9xbuNG60CXT0S7SxLyY.jpFJhFOduZQiOwQg8r7UmheqrG5znu6,NULL,EMAIL,priya.roy
10000031,0,kavya.mehta@example.com,$2a$10$5s9xbuNG60CXT0S7SxLyY.jpFJhFOduZQiOwQg8r7UmheqrG5znu6,NULL,EMAIL,kavya.mehta
10000032,0,diya.mishra@example.com,$2a$10$5s9xbuNG60CXT0S7SxLyY.jpFJhFOduZQiOwQg8r7UmheqrG5znu6,NULL,EMAIL,diya.mishra
10000033,0,krishna.bhat@example.com,$2a$10$5s9xbuNG60CXT0S7SxLyY.jpFJhFOduZQiOwQg8r7UmheqrG5znu6,NULL,EMAIL,krishna.bhat
10000034,0,aditi.venkatesh@example.com,$2a$10$5s9xbuNG60CXT0S7SxLyY.jpFJhFOduZQiOwQg8r7UmheqrG5znu6,NULL,EMAIL,aditi.venkatesh
10000035,0,tanvi.pathak@example.com,$2a$10$5s9xbuNG60CXT0S7SxLyY.jpFJhFOduZQiOwQg8r7UmheqrG5znu6,NULL,EMAIL,tanvi.pathak
10000036,0,jyoti.bajaj@example.com,$2a$10$5s9xbuNG60CXT0S7SxLyY.jpFJhFOduZQiOwQg8r7UmheqrG5znu6,NULL,EMAIL,jyoti.bajaj
10000037,0,pooja.mehta@example.com,$2a$10$5s9xbuNG60CXT0S7SxLyY.jpFJhFOduZQiOwQg8r7UmheqrG5znu6,NULL,EMAIL,pooja.mehta
10000038,0,aditya.reddy@example.com,$2a$10$5s9xbuNG60CXT0S7SxLyY.jpFJhFOduZQiOwQg8r7UmheqrG5znu6,NULL,EMAIL,aditya.reddy
10000039,0,tanvi.purohit@example.com,$2a$10$5s9xbuNG60CXT0S7SxLyY.jpFJhFOduZQiOwQg8r7UmheqrG5znu6,NULL,EMAIL,tanvi.purohit
10000040,0,aditi.purohit@example.com,$2a$10$5s9xbuNG60CXT0S7SxLyY.jpFJhFOduZQiOwQg8r7UmheqrG5znu6,NULL,EMAIL,aditi.purohit
10000041,0,harsh.saxena@example.com,$2a$10$5s9xbuNG60CXT0S7SxLyY.jpFJhFOduZQiOwQg8r7UmheqrG5znu6,NULL,EMAIL,harsh.saxena
10000042,0,vivaan.purohit@example.com,$2a$10$5s9xbuNG60CXT0S7SxLyY.jpFJhFOduZQiOwQg8r7UmheqrG5znu6,NULL,EMAIL,vivaan.purohit
10000043,0,meera.gupta@example.com,$2a$10$5s9xbuNG60CXT0S7SxLyY.jpFJhFOduZQiOwQg8r7UmheqrG5znu6,NULL,EMAIL,meera.gupta
10000044,0,pooja.kaushik@example.com,$2a$10$5s9xbuNG60CXT0S7SxLyY.jpFJhFOduZQiOwQg8r7UmheqrG5znu6,NULL,EMAIL,pooja.kaushik
10000045,0,sunita.joshi@example.com,$2a$10$5s9xbuNG60CXT0S7SxLyY.jpFJhFOduZQiOwQg8r7UmheqrG5znu6,NULL,EMAIL,sunita.joshi
10000046,0,ananya.iyer@example.com,$2a$10$5s9xbuNG60CXT0S7SxLyY.jpFJhFOduZQiOwQg8r7UmheqrG5znu6,NULL,EMAIL,ananya.iyer
10000047,0,siddharth.yadav@example.com,$2a$10$5s9xbuNG60CXT0S7SxLyY.jpFJhFOduZQiOwQg8r7UmheqrG5znu6,NULL,EMAIL,siddharth.yadav
10000048,0,aditi.dubey@example.com,$2a$10$5s9xbuNG60CXT0S7SxLyY.jpFJhFOduZQiOwQg8r7UmheqrG5znu6,NULL,EMAIL,aditi.dubey
10000049,0,anil.naik@example.com,$2a$10$5s9xbuNG60CXT0S7SxLyY.jpFJhFOduZQiOwQg8r7UmheqrG5znu6,NULL,EMAIL,anil.naik
10000050,0,aditi.chatterjee@example.com,$2a$10$5s9xbuNG60CXT0S7SxLyY.jpFJhFOduZQiOwQg8r7UmheqrG5znu6,NULL,EMAIL,aditi.chatterjee
10000051,0,manish.jain@example.com,$2a$10$5s9xbuNG60CXT0S7SxLyY.jpFJhFOduZQiOwQg8r7UmheqrG5znu6,NULL,EMAIL,manish.jain
10000052,0,sanjay.jain@example.com,$2a$10$5s9xbuNG60CXT0S7SxLyY.jpFJhFOduZQiOwQg8r7UmheqrG5znu6,NULL,EMAIL,sanjay.jain
10000053,0,rajesh.jain@example.com,$2a$10$5s9xbuNG60CXT0S7SxLyY.jpFJhFOduZQiOwQg8r7UmheqrG5znu6,NULL,EMAIL,rajesh.jain
10000054,0,sunil.jain@example.com,$2a$10$5s9xbuNG60CXT0S7SxLyY.jpFJhFOduZQiOwQg8r7UmheqrG5znu6,NULL,EMAIL,sunil.jain
10000055,0,mukesh.jain@example.com,$2a$10$5s9xbuNG60CXT0S7SxLyY.jpFJhFOduZQiOwQg8r7UmheqrG5znu6,NULL,EMAIL,mukesh.jain
10000056,0,kavita.jain@example.com,$2a$10$5s9xbuNG60CXT0S7SxLyY.jpFJhFOduZQiOwQg8r7UmheqrG5znu6,NULL,EMAIL,kavita.jain
10000057,0,savita.jain@example.com,$2a$10$5s9xbuNG60CXT0S7SxLyY.jpFJhFOduZQiOwQg8r7UmheqrG5znu6,NULL,EMAIL,savita.jain
10000058,0,rekha.jain@example.com,$2a$10$5s9xbuNG60CXT0S7SxLyY.jpFJhFOduZQiOwQg8r7UmheqrG5znu6,NULL,EMAIL,rekha.jain
10000059,0,geeta.jain@example.com,$2a$10$5s9xbuNG60CXT0S7SxLyY.jpFJhFOduZQiOwQg8r7UmheqrG5znu6,NULL,EMAIL,geeta.jain
10000060,0,neeta.jain@example.com,$2a$10$5s9xbuNG60CXT0S7SxLyY.jpFJhFOduZQiOwQg8r7UmheqrG5znu6,NULL,EMAIL,neeta.jain
10000061,0,manish.shah@example.com,$2a$10$5s9xbuNG60CXT0S7SxLyY.jpFJhFOduZQiOwQg8r7UmheqrG5znu6,NULL,EMAIL,manish.shah
10000062,0,sanjay.shah@example.com,$2a$10$5s9xbuNG60CXT0S7SxLyY.jpFJhFOduZQiOwQg8r7UmheqrG5znu6,NULL,EMAIL,sanjay.shah
10000063,0,rajesh.shah@example.com,$2a$10$5s9xbuNG60CXT0S7SxLyY.jpFJhFOduZQiOwQg8r7UmheqrG5znu6,NULL,EMAIL,rajesh.shah
10000064,0,sunil.shah@example.com,$2a$10$5s9xbuNG60CXT0S7SxLyY.jpFJhFOduZQiOwQg8r7UmheqrG5znu6,NULL,EMAIL,sunil.shah
10000065,0,mukesh.shah@example.com,$2a$10$5s9xbuNG60CXT0S7SxLyY.jpFJhFOduZQiOwQg8r7UmheqrG5znu6,NULL,EMAIL,mukesh.shah
10000066,0,kavita.shah@example.com,$2a$10$5s9xbuNG60CXT0S7SxLyY.jpFJhFOduZQiOwQg8r7UmheqrG5znu6,NULL,EMAIL,kavita.shah
10000067,0,savita.shah@example.com,$2a$10$5s9xbuNG60CXT0S7SxLyY.jpFJhFOduZQiOwQg8r7UmheqrG5znu6,NULL,EMAIL,savita.shah
10000068,0,rekha.shah@example.com,$2a$10$5s9xbuNG60CXT0S7SxLyY.jpFJhFOduZQiOwQg8r7UmheqrG5znu6,NULL,EMAIL,rekha.shah
10000069,0,geeta.shah@example.com,$2a$10$5s9xbuNG60CXT0S7SxLyY.jpFJhFOduZQiOwQg8r7UmheqrG5znu6,NULL,EMAIL,geeta.shah
10000070,0,neeta.shah@example.com,$2a$10$5s9xbuNG60CXT0S7SxLyY.jpFJhFOduZQiOwQg8r7UmheqrG5znu6,NULL,EMAIL,neeta.shah
10000071,0,manish.desai@example.com,$2a$10$5s9xbuNG60CXT0S7SxLyY.jpFJhFOduZQiOwQg8r7UmheqrG5znu6,NULL,EMAIL,manish.desai
10000072,0,sanjay.desai@example.com,$2a$10$5s9xbuNG60CXT0S7SxLyY.jpFJhFOduZQiOwQg8r7UmheqrG5znu6,NULL,EMAIL,sanjay.desai
10000073,0,rajesh.desai@example.com,$2a$10$5s9xbuNG60CXT0S7SxLyY.jpFJhFOduZQiOwQg8r7UmheqrG5znu6,NULL,EMAIL,rajesh.desai
10000074,0,sunil.desai@example.com,$2a$10$5s9xbuNG60CXT0S7SxLyY.jpFJhFOduZQiOwQg8r7UmheqrG5znu6,NULL,EMAIL,sunil.desai
10000075,0,mukesh.desai@example.com,$2a$10$5s9xbuNG60CXT0S7SxLyY.jpFJhFOduZQiOwQg8r7UmheqrG5znu6,NULL,EMAIL,mukesh.desai
10000076,0,kavita.desai@example.com,$2a$10$5s9xbuNG60CXT0S7SxLyY.jpFJhFOduZQiOwQg8r7UmheqrG5znu6,NULL,EMAIL,kavita.desai
10000077,0,savita.desai@example.com,$2a$10$5s9xbuNG60CXT0S7SxLyY.jpFJhFOduZQiOwQg8r7UmheqrG5znu6,NULL,EMAIL,savita.desai
10000078,0,rekha.desai@example.com,$2a$10$5s9xbuNG60CXT0S7SxLyY.jpFJhFOduZQiOwQg8r7UmheqrG5znu6,NULL,EMAIL,rekha.desai
10000079,0,geeta.desai@example.com,$2a$10$5s9xbuNG60CXT0S7SxLyY.jpFJhFOduZQiOwQg8r7UmheqrG5znu6,NULL,EMAIL,geeta.desai
10000080,0,neeta.desai@example.com,$2a$10$5s9xbuNG60CXT0S7SxLyY.jpFJhFOduZQiOwQg8r7UmheqrG5znu6,NULL,EMAIL,neeta.desai
10000081,0,manish.parekh@example.com,$2a$10$5s9xbuNG60CXT0S7SxLyY.jpFJhFOduZQiOwQg8r7UmheqrG5znu6,NULL,EMAIL,manish.parekh
10000082,0,sanjay.parekh@example.com,$2a$10$5s9xbuNG60CXT0S7SxLyY.jpFJhFOduZQiOwQg8r7UmheqrG5znu6,NULL,EMAIL,sanjay.parekh
10000083,0,rajesh.parekh@example.com,$2a$10$5s9xbuNG60CXT0S7SxLyY.jpFJhFOduZQiOwQg8r7UmheqrG5znu6,NULL,EMAIL,rajesh.parekh
10000084,0,sunil.parekh@example.com,$2a$10$5s9xbuNG60CXT0S7SxLyY.jpFJhFOduZQiOwQg8r7UmheqrG5znu6,NULL,EMAIL,sunil.parekh
10000085,0,mukesh.parekh@example.com,$2a$10$5s9xbuNG60CXT0S7SxLyY.jpFJhFOduZQiOwQg8r7UmheqrG5znu6,NULL,EMAIL,mukesh.parekh
10000086,0,kavita.parekh@example.com,$2a$10$5s9xbuNG60CXT0S7SxLyY.jpFJhFOduZQiOwQg8r7UmheqrG5znu6,NULL,EMAIL,kavita.parekh
10000087,0,savita.parekh@example.com,$2a$10$5s9xbuNG60CXT0S7SxLyY.jpFJhFOduZQiOwQg8r7UmheqrG5znu6,NULL,EMAIL,savita.parekh
10000088,0,rekha.parekh@example.com,$2a$10$5s9xbuNG60CXT0S7SxLyY.jpFJhFOduZQiOwQg8r7UmheqrG5znu6,NULL,EMAIL,rekha.parekh
10000089,0,geeta.parekh@example.com,$2a$10$5s9xbuNG60CXT0S7SxLyY.jpFJhFOduZQiOwQg8r7UmheqrG5znu6,NULL,EMAIL,geeta.parekh
10000090,0,neeta.parekh@example.com,$2a$10$5s9xbuNG60CXT0S7SxLyY.jpFJhFOduZQiOwQg8r7UmheqrG5znu6,NULL,EMAIL,neeta.parekh
10000091,0,manish.dalal@example.com,$2a$10$5s9xbuNG60CXT0S7SxLyY.jpFJhFOduZQiOwQg8r7UmheqrG5znu6,NULL,EMAIL,manish.dalal
10000092,0,sanjay.dalal@example.com,$2a$10$5s9xbuNG60CXT0S7SxLyY.jpFJhFOduZQiOwQg8r7UmheqrG5znu6,NULL,EMAIL,sanjay.dalal
10000093,0,rajesh.dalal@example.com,$2a$10$5s9xbuNG60CXT0S7SxLyY.jpFJhFOduZQiOwQg8r7UmheqrG5znu6,NULL,EMAIL,rajesh.dalal
10000094,0,sunil.dalal@example.com,$2a$10$5s9xbuNG60CXT0S7SxLyY.jpFJhFOduZQiOwQg8r7UmheqrG5znu6,NULL,EMAIL,sunil.dalal
10000095,0,mukesh.dalal@example.com,$2a$10$5s9xbuNG60CXT0S7SxLyY.jpFJhFOduZQiOwQg8r7UmheqrG5znu6,NULL,EMAIL,mukesh.dalal
10000096,0,kavita.dalal@example.com,$2a$10$5s9xbuNG60CXT0S7SxLyY.jpFJhFOduZQiOwQg8r7UmheqrG5znu6,NULL,EMAIL,kavita.dalal
10000097,0,savita.dalal@example.com,$2a$10$5s9xbuNG60CXT0S7SxLyY.jpFJhFOduZQiOwQg8r7UmheqrG5znu6,NULL,EMAIL,savita.dalal
10000098,0,rekha.dalal@example.com,$2a$10$5s9xbuNG60CXT0S7SxLyY.jpFJhFOduZQiOwQg8r7UmheqrG5znu6,NULL,EMAIL,rekha.dalal
10000099,0,geeta.dalal@example.com,$2a$10$5s9xbuNG60CXT0S7SxLyY.jpFJhFOduZQiOwQg8r7UmheqrG5znu6,NULL,EMAIL,geeta.dalal
10000100,0,neeta.dalal@example.com,$2a$10$5s9xbuNG60CXT0S7SxLyY.jpFJhFOduZQiOwQg8r7UmheqrG5znu6,NULL,EMAIL,neeta.dalal
10000101,0,manish.mistry@example.com,$2a$10$5s9xbuNG60CXT0S7SxLyY.jpFJhFOduZQiOwQg8r7UmheqrG5znu6,NULL,EMAIL,manish.mistry
10000102,0,sanjay.mistry@example.com,$2a$10$5s9xbuNG60CXT0S7SxLyY.jpFJhFOduZQiOwQg8r7UmheqrG5znu6,NULL,EMAIL,sanjay.mistry
10000103,0,rajesh.mistry@example.com,$2a$10$5s9xbuNG60CXT0S7SxLyY.jpFJhFOduZQiOwQg8r7UmheqrG5znu6,NULL,EMAIL,rajesh.mistry
10000104,0,sunil.mistry@example.com,$2a$10$5s9xbuNG60CXT0S7SxLyY.jpFJhFOduZQiOwQg8r7UmheqrG5znu6,NULL,EMAIL,sunil.mistry
10000105,0,mukesh.mistry@example.com,$2a$10$5s9xbuNG60CXT0S7SxLyY.jpFJhFOduZQiOwQg8r7UmheqrG5znu6,NULL,EMAIL,mukesh.mistry
10000106,0,kavita.mistry@example.com,$2a$10$5s9xbuNG60CXT0S7SxLyY.jpFJhFOduZQiOwQg8r7UmheqrG5znu6,NULL,EMAIL,kavita.mistry
10000107,0,savita.mistry@example.com,$2a$10$5s9xbuNG60CXT0S7SxLyY.jpFJhFOduZQiOwQg8r7UmheqrG5znu6,NULL,EMAIL,savita.mistry
10000108,0,rekha.mistry@example.com,$2a$10$5s9xbuNG60CXT0S7SxLyY.jpFJhFOduZQiOwQg8r7UmheqrG5znu6,NULL,EMAIL,rekha.mistry
10000109,0,geeta.mistry@example.com,$2a$10$5s9xbuNG60CXT0S7SxLyY.jpFJhFOduZQiOwQg8r7UmheqrG5znu6,NULL,EMAIL,geeta.mistry
10000110,0,neeta.mistry@example.com,$2a$10$5s9xbuNG60CXT0S7SxLyY.jpFJhFOduZQiOwQg8r7UmheqrG5znu6,NULL,EMAIL,neeta.mistry
10000111,0,manish.trivedi@example.com,$2a$10$5s9xbuNG60CXT0S7SxLyY.jpFJhFOduZQiOwQg8r7UmheqrG5znu6,NULL,EMAIL,manish.trivedi
10000112,0,sanjay.trivedi@example.com,$2a$10$5s9xbuNG60CXT0S7SxLyY.jpFJhFOduZQiOwQg8r7UmheqrG5znu6,NULL,EMAIL,sanjay.trivedi
10000113,0,rajesh.trivedi@example.com,$2a$10$5s9xbuNG60CXT0S7SxLyY.jpFJhFOduZQiOwQg8r7UmheqrG5znu6,NULL,EMAIL,rajesh.trivedi
10000114,0,sunil.trivedi@example.com,$2a$10$5s9xbuNG60CXT0S7SxLyY.jpFJhFOduZQiOwQg8r7UmheqrG5znu6,NULL,EMAIL,sunil.trivedi
10000115,0,mukesh.trivedi@example.com,$2a$10$5s9xbuNG60CXT0S7SxLyY.jpFJhFOduZQiOwQg8r7UmheqrG5znu6,NULL,EMAIL,mukesh.trivedi
10000116,0,kavita.trivedi@example.com,$2a$10$5s9xbuNG60CXT0S7SxLyY.jpFJhFOduZQiOwQg8r7UmheqrG5znu6,NULL,EMAIL,kavita.trivedi
10000117,0,savita.trivedi@example.com,$2a$10$5s9xbuNG60CXT0S7SxLyY.jpFJhFOduZQiOwQg8r7UmheqrG5znu6,NULL,EMAIL,savita.trivedi
10000118,0,rekha.trivedi@example.com,$2a$10$5s9xbuNG60CXT0S7SxLyY.jpFJhFOduZQiOwQg8r7UmheqrG5znu6,NULL,EMAIL,rekha.trivedi
10000119,0,geeta.trivedi@example.com,$2a$10$5s9xbuNG60CXT0S7SxLyY.jpFJhFOduZQiOwQg8r7UmheqrG5znu6,NULL,EMAIL,geeta.trivedi
10000120,0,neeta.trivedi@example.com,$2a$10$5s9xbuNG60CXT0S7SxLyY.jpFJhFOduZQiOwQg8r7UmheqrG5znu6,NULL,EMAIL,neeta.trivedi
10000121,0,manish.vyas@example.com,$2a$10$5s9xbuNG60CXT0S7SxLyY.jpFJhFOduZQiOwQg8r7UmheqrG5znu6,NULL,EMAIL,manish.vyas
10000122,0,sanjay.vyas@example.com,$2a$10$5s9xbuNG60CXT0S7SxLyY.jpFJhFOduZQiOwQg8r7UmheqrG5znu6,NULL,EMAIL,sanjay.vyas
10000123,0,rajesh.vyas@example.com,$2a$10$5s9xbuNG60CXT0S7SxLyY.jpFJhFOduZQiOwQg8r7UmheqrG5znu6,NULL,EMAIL,rajesh.vyas
10000124,0,sunil.vyas@example.com,$2a$10$5s9xbuNG60CXT0S7SxLyY.jpFJhFOduZQiOwQg8r7UmheqrG5znu6,NULL,EMAIL,sunil.vyas
10000125,0,mukesh.vyas@example.com,$2a$10$5s9xbuNG60CXT0S7SxLyY.jpFJhFOduZQiOwQg8r7UmheqrG5znu6,NULL,EMAIL,mukesh.vyas
10000126,0,kavita.vyas@example.com,$2a$10$5s9xbuNG60CXT0S7SxLyY.jpFJhFOduZQiOwQg8r7UmheqrG5znu6,NULL,EMAIL,kavita.vyas
10000127,0,savita.vyas@example.com,$2a$10$5s9xbuNG60CXT0S7SxLyY.jpFJhFOduZQiOwQg8r7UmheqrG5znu6,NULL,EMAIL,savita.vyas
10000128,0,rekha.vyas@example.com,$2a$10$5s9xbuNG60CXT0S7SxLyY.jpFJhFOduZQiOwQg8r7UmheqrG5znu6,NULL,EMAIL,rekha.vyas
10000129,0,geeta.vyas@example.com,$2a$10$5s9xbuNG60CXT0S7SxLyY.jpFJhFOduZQiOwQg8r7UmheqrG5znu6,NULL,EMAIL,geeta.vyas
10000130,0,neeta.vyas@example.com,$2a$10$5s9xbuNG60CXT0S7SxLyY.jpFJhFOduZQiOwQg8r7UmheqrG5znu6,NULL,EMAIL,neeta.vyas
10000131,0,manish.chauhan@example.com,$2a$10$5s9xbuNG60CXT0S7SxLyY.jpFJhFOduZQiOwQg8r7UmheqrG5znu6,NULL,EMAIL,manish.chauhan
10000132,0,sanjay.chauhan@example.com,$2a$10$5s9xbuNG60CXT0S7SxLyY.jpFJhFOduZQiOwQg8r7UmheqrG5znu6,NULL,EMAIL,sanjay.chauhan
10000133,0,rajesh.chauhan@example.com,$2a$10$5s9xbuNG60CXT0S7SxLyY.jpFJhFOduZQiOwQg8r7UmheqrG5znu6,NULL,EMAIL,rajesh.chauhan
10000134,0,sunil.chauhan@example.com,$2a$10$5s9xbuNG60CXT0S7SxLyY.jpFJhFOduZQiOwQg8r7UmheqrG5znu6,NULL,EMAIL,sunil.chauhan
10000135,0,mukesh.chauhan@example.com,$2a$10$5s9xbuNG60CXT0S7SxLyY.jpFJhFOduZQiOwQg8r7UmheqrG5znu6,NULL,EMAIL,mukesh.chauhan
10000136,0,kavita.chauhan@example.com,$2a$10$5s9xbuNG60CXT0S7SxLyY.jpFJhFOduZQiOwQg8r7UmheqrG5znu6,NULL,EMAIL,kavita.chauhan
10000137,0,savita.chauhan@example.com,$2a$10$5s9xbuNG60CXT0S7SxLyY.jpFJhFOduZQiOwQg8r7UmheqrG5znu6,NULL,EMAIL,savita.chauhan
10000138,0,rekha.chauhan@example.com,$2a$10$5s9xbuNG60CXT0S7SxLyY.jpFJhFOduZQiOwQg8r7UmheqrG5znu6,NULL,EMAIL,rekha.chauhan
10000139,0,geeta.chauhan@example.com,$2a$10$5s9xbuNG60CXT0S7SxLyY.jpFJhFOduZQiOwQg8r7UmheqrG5znu6,NULL,EMAIL,geeta.chauhan
10000140,0,neeta.chauhan@example.com,$2a$10$5s9xbuNG60CXT0S7SxLyY.jpFJhFOduZQiOwQg8r7UmheqrG5znu6,NULL,EMAIL,neeta.chauhan
10000141,0,manish.chawla@example.com,$2a$10$5s9xbuNG60CXT0S7SxLyY.jpFJhFOduZQiOwQg8r7UmheqrG5znu6,NULL,EMAIL,manish.chawla
10000142,0,sanjay.chawla@example.com,$2a$10$5s9xbuNG60CXT0S7SxLyY.jpFJhFOduZQiOwQg8r7UmheqrG5znu6,NULL,EMAIL,sanjay.chawla
10000143,0,rajesh.chawla@example.com,$2a$10$5s9xbuNG60CXT0S7SxLyY.jpFJhFOduZQiOwQg8r7UmheqrG5znu6,NULL,EMAIL,rajesh.chawla
10000144,0,sunil.chawla@example.com,$2a$10$5s9xbuNG60CXT0S7SxLyY.jpFJhFOduZQiOwQg8r7UmheqrG5znu6,NULL,EMAIL,sunil.chawla
10000145,0,mukesh.chawla@example.com,$2a$10$5s9xbuNG60CXT0S7SxLyY.jpFJhFOduZQiOwQg8r7UmheqrG5znu6,NULL,EMAIL,mukesh.chawla
10000146,0,kavita.chawla@example.com,$2a$10$5s9xbuNG60CXT0S7SxLyY.jpFJhFOduZQiOwQg8r7UmheqrG5znu6,NULL,EMAIL,kavita.chawla
10000147,0,savita.chawla@example.com,$2a$10$5s9xbuNG60CXT0S7SxLyY.jpFJhFOduZQiOwQg8r7UmheqrG5znu6,NULL,EMAIL,savita.chawla
10000148,0,rekha.chawla@example.com,$2a$10$5s9xbuNG60CXT0S7SxLyY.jpFJhFOduZQiOwQg8r7UmheqrG5znu6,NULL,EMAIL,rekha.chawla
10000149,0,geeta.chawla@example.com,$2a$10$5s9xbuNG60CXT0S7SxLyY.jpFJhFOduZQiOwQg8r7UmheqrG5znu6,NULL,EMAIL,geeta.chawla
10000150,0,neeta.chawla@example.com,$2a$10$5s9xbuNG60CXT0S7SxLyY.jpFJhFOduZQiOwQg8r7UmheqrG5znu6,NULL,EMAIL,neeta.chawla