ImgID,PID,URL,Date
100001,100000001,https://loremflickr.com/800/600/flat?lock=2,2023-01-15
100002,100000002,https://loremflickr.com/800/600/house?lock=3,2023-02-20
100003,100000003,https://loremflickr.com/800/600/apartment?lock=4,2023-03-05
100004,100000004,https://loremflickr.com/800/600/flat?lock=5,2023-04-10
100005,100000005,https://loremflickr.com/800/600/house?lock=6,2023-05-12
100006,100000006,https://loremflickr.com/800/600/apartment?lock=7,2023-06-18
100007,100000007,https://loremflickr.com/800/600/flat?lock=8,2023-07-22
100008,100000008,https://loremflickr.com/800/600/house?lock=9,2023-08-25
100009,100000009,https://loremflickr.com/800/600/apartment?lock=10,2023-09-30
100010,100000010,https://loremflickr.com/800/600/flat?lock=11,2023-10-14
100011,100000011,https://loremflickr.com/800/600/house?lock=12,2023-11-05
100012,100000012,https://loremflickr.com/800/600/apartment?lock=13,2023-12-11
100013,100000013,https://loremflickr.com/800/600/flat?lock=14,2024-01-02
100014,100000014,https://loremflickr.com/800/600/house?lock=15,2024-01-15
100015,100000015,https://loremflickr.com/800/600/apartment?lock=16,2024-02-08
100016,100000016,https://loremflickr.com/800/600/flat?lock=17,2024-02-28
100017,100000017,https://loremflickr.com/800/600/house?lock=18,2024-03-12
100018,100000018,https://loremflickr.com/800/600/apartment?lock=19,2024-03-25
100019,100000019,https://loremflickr.com/800/600/flat?lock=20,2024-04-05
100020,100000020,https://loremflickr.com/800/600/house?lock=21,2024-04-18
100021,100000021,https://loremflickr.com/800/600/apartment?lock=22,2024-05-02
100022,100000022,https://loremflickr.com/800/600/flat?lock=23,2024-05-20
100023,100000023,https://loremflickr.com/800/600/house?lock=24,2024-06-08
100024,100000024,https://loremflickr.com/800/600/apartment?lock=25,2024-06-22
100025,100000025,https://loremflickr.com/800/600/flat?lock=26,2024-07-05
100026,100000026,https://loremflickr.com/800/600/house?lock=27,2024-07-19
100027,100000027,https://loremflickr.com/800/600/apartment?lock=28,2024-08-01
100028,100000028,https://loremflickr.com/800/600/flat?lock=29,2024-08-15
100029,100000029,https://loremflickr.com/800/600/house?lock=30,2024-08-29
100030,100000030,https://loremflickr.com/800/600/apartment?lock=31,2024-09-10
100031,100000031,https://loremflickr.com/800/600/flat?lock=32,2024-09-24
100032,100000032,https://loremflickr.com/800/600/house?lock=33,2024-10-08
100033,100000033,https://loremflickr.com/800/600/apartment?lock=34,2024-10-22
100034,100000034,https://loremflickr.com/800/600/flat?lock=35,2024-11-05
100035,100000035,https://loremflickr.com/800/600/house?lock=36,2024-11-19
100036,100000036,https://loremflickr.com/800/600/apartment?lock=37,2024-12-03
100037,100000037,https://loremflickr.com/800/600/flat?lock=38,2024-12-17
100038,100000038,https://loremflickr.com/800/600/house?lock=39,2024-12-31
100039,100000039,https://loremflickr.com/800/600/apartment?lock=40,2025-01-14
100040,100000040,https://loremflickr.com/800/600/flat?lock=41,2025-01-28
100041,100000001,https://loremflickr.com/800/600/house?lock=42,2025-02-11
100042,100000002,https://loremflickr.com/800/600/apartment?lock=43,2025-02-25
100043,100000003,https://loremflickr.com/800/600/flat?lock=44,2025-03-10
100044,100000004,https://loremflickr.com/800/600/house?lock=45,2025-03-24
100045,100000005,https://loremflickr.com/800/600/apartment?lock=46,2025-04-07
100046,100000006,https://loremflickr.com/800/600/flat?lock=47,2025-04-21
100047,100000007,https://loremflickr.com/800/600/house?lock=48,2025-05-05
100048,100000008,https://loremflickr.com/800/600/apartment?lock=49,2025-05-19
100049,100000009,https://loremflickr.com/800/600/flat?lock=50,2025-06-02
100050,100000010,https://loremflickr.com/800/600/house?lock=51,2025-06-16
