uid,email,password,username,provider_id,provider_type
1000000001,aditya.sharma@example.com,$2a$10$5s9xbuNG60CXT0S7SxLyY.jpFJhFOduZQiOwQg8r7UmheqrG5znu6,Aditya Sharma,null,EMAIL
1000000002,krishna.rastogi@example.com,$2a$10$5s9xbuNG60CXT0S7SxLyY.jpFJhFOduZQiOwQg8r7UmheqrG5znu6,Krishna Rastogi,null,EMAIL
1000000003,kiran.saxena@example.com,$2a$10$5s9xbuNG60CXT0S7SxLyY.jpFJhFOduZQiOwQg8r7UmheqrG5znu6,Kiran Saxena,null,EMAIL
1000000004,nikhil.das@example.com,$2a$10$5s9xbuNG60CXT0S7SxLyY.jpFJhFOduZQiOwQg8r7UmheqrG5znu6,Nikhil Das,null,EMAIL
1000000005,nitya.dutta@example.com,$2a$10$5s9xbuNG60CXT0S7SxLyY.jpFJhFOduZQiOwQg8r7UmheqrG5znu6,Nitya Dutta,null,EMAIL
1000000006,shiv.dubey@example.com,$2a$10$5s9xbuNG60CXT0S7SxLyY.jpFJhFOduZQiOwQg8r7UmheqrG5znu6,Shiv Dubey,null,EMAIL
1000000007,anushka.bhargava@example.com,$2a$10$5s9xbuNG60CXT0S7SxLyY.jpFJhFOduZQiOwQg8r7UmheqrG5znu6,Anushka Bhargava,null,EMAIL
1000000008,nandini.patel@example.com,$2a$10$5s9xbuNG60CXT0S7SxLyY.jpFJhFOduZQiOwQg8r7UmheqrG5znu6,Nandini Patel,null,EMAIL
1000000009,akhil.das@example.com,$2a$10$5s9xbuNG60CXT0S7SxLyY.jpFJhFOduZQiOwQg8r7UmheqrG5znu6,Akhil Das,null,EMAIL
1000000010,deepa.shetty@example.com,$2a$10$5s9xbuNG60CXT0S7SxLyY.jpFJhFOduZQiOwQg8r7UmheqrG5znu6,Deepa Shetty,null,EMAIL
1000000011,sai.rastogi@example.com,$2a$10$5s9xbuNG60CXT0S7SxLyY.jpFJhFOduZQiOwQg8r7UmheqrG5znu6,Sai Rastogi,null,EMAIL
1000000012,kiran.singh@example.com,$2a$10$5s9xbuNG60CXT0S7SxLyY.jpFJhFOduZQiOwQg8r7UmheqrG5znu6,Kiran Singh,null,EMAIL
1000000013,ravi.lal@example.com,$2a$10$5s9xbuNG60CXT0S7SxLyY.jpFJhFOduZQiOwQg8r7UmheqrG5znu6,Ravi Lal,null,EMAIL
1000000014,arjun.lal@example.com,$2a$10$5s9xbuNG60CXT0S7SxLyY.jpFJhFOduZQiOwQg8r7UmheqrG5znu6,Arjun Lal,null,EMAIL
1000000015,kartik.das@example.com,$2a$10$5s9xbuNG60CXT0S7SxLyY.jpFJhFOduZQiOwQg8r7UmheqrG5znu6,Kartik Das,null,EMAIL
1000000016,ishita.kapoor@example.com,$2a$10$5s9xbuNG60CXT0S7SxLyY.jpFJhFOduZQiOwQg8r7UmheqrG5znu6,Ishita Kapoor,null,EMAIL
1000000017,rahul.kulkarni@example.com,$2a$10$5s9xbuNG60CXT0S7SxLyY.jpFJhFOduZQiOwQg8r7UmheqrG5znu6,Rahul Kulkarni,null,EMAIL
1000000018,vihaan.dubey@example.com,$2a$10$5s9xbuNG60CXT0S7SxLyY.jpFJhFOduZQiOwQg8r7UmheqrG5znu6,Vihaan Dubey,null,EMAIL
1000000019,rhea.reddy@example.com,$2a$10$5s9xbuNG60CXT0S7SxLyY.jpFJhFOduZQiOwQg8r7UmheqrG5znu6,Rhea Reddy,null,EMAIL
1000000020,sai.reddy@example.com,$2a$10$5s9xbuNG60CXT0S7SxLyY.jpFJhFOduZQiOwQg8r7UmheqrG5znu6,Sai Reddy,null,EMAIL
1000000021,kiran.bhargava@example.com,$2a$10$5s9xbuNG60CXT0S7SxLyY.jpFJhFOduZQiOwQg8r7UmheqrG5znu6,Kiran Bhargava,null,EMAIL
1000000022,krishna.lal@example.com,$2a$10$5s9xbuNG60CXT0S7SxLyY.jpFJhFOduZQiOwQg8r7UmheqrG5znu6,Krishna Lal,null,EMAIL
1000000023,tanvi.yadav@example.com,$2a$10$5s9xbuNG60CXT0S7SxLyY.jpFJhFOduZQiOwQg8r7UmheqrG5znu6,Tanvi Yadav,null,EMAIL
1000000024,priya.patel@example.com,$2a$10$5s9xbuNG60CXT0S7SxLyY.jpFJhFOduZQiOwQg8r7UmheqrG5znu6,Priya Patel,null,EMAIL
1000000025,lata.reddy@example.com,$2a$10$5s9xbuNG60CXT0S7SxLyY.jpFJhFOduZQiOwQg8r7UmheqrG5znu6,Lata Reddy,null,EMAIL
1000000026,aanya.roy@example.com,$2a$10$5s9xbuNG60CXT0S7SxLyY.jpFJhFOduZQiOwQg8r7UmheqrG5znu6,Aanya Roy,null,EMAIL
1000000027,ravi.venkatesh@example.com,$2a$10$5s9xbuNG60CXT0S7SxLyY.jpFJhFOduZQiOwQg8r7UmheqrG5znu6,Ravi Venkatesh,null,EMAIL
1000000028,arjun.mehta@example.com,$2a$10$5s9xbuNG60CXT0S7SxLyY.jpFJhFOduZQiOwQg8r7UmheqrG5znu6,Arjun Mehta,null,EMAIL
1000000029,krishna.agarwal@example.com,$2a$10$5s9xbuNG60CXT0S7SxLyY.jpFJhFOduZQiOwQg8r7UmheqrG5znu6,Krishna Agarwal,null,EMAIL
1000000030,priya.roy@example.com,$2a$10$5s9xbuNG60CXT0S7SxLyY.jpFJhFOduZQiOwQg8r7UmheqrG5znu6,Priya Roy,null,EMAIL
1000000031,kavya.mehta@example.com,$2a$10$5s9xbuNG60CXT0S7SxLyY.jpFJhFOduZQiOwQg8r7UmheqrG5znu6,Kavya Mehta,null,EMAIL
1000000032,diya.mishra@example.com,$2a$10$5s9xbuNG60CXT0S7SxLyY.jpFJhFOduZQiOwQg8r7UmheqrG5znu6,Diya Mishra,null,EMAIL
1000000033,krishna.bhat@example.com,$2a$10$5s9xbuNG60CXT0S7SxLyY.jpFJhFOduZQiOwQg8r7UmheqrG5znu6,Krishna Bhat,null,EMAIL
1000000034,aditi.venkatesh@example.com,$2a$10$5s9xbuNG60CXT0S7SxLyY.jpFJhFOduZQiOwQg8r7UmheqrG5znu6,Aditi Venkatesh,null,EMAIL
1000000035,tanvi.pathak@example.com,$2a$10$5s9xbuNG60CXT0S7SxLyY.jpFJhFOduZQiOwQg8r7UmheqrG5znu6,Tanvi Pathak,null,EMAIL
1000000036,jyoti.bajaj@example.com,$2a$10$5s9xbuNG60CXT0S7SxLyY.jpFJhFOduZQiOwQg8r7UmheqrG5znu6,Jyoti Bajaj,null,EMAIL
1000000037,pooja.mehta@example.com,$2a$10$5s9xbuNG60CXT0S7SxLyY.jpFJhFOduZQiOwQg8r7UmheqrG5znu6,Pooja Mehta,null,EMAIL
1000000038,aditya.reddy@example.com,$2a$10$5s9xbuNG60CXT0S7SxLyY.jpFJhFOduZQiOwQg8r7UmheqrG5znu6,Aditya Reddy,null,EMAIL
1000000039,tanvi.purohit@example.com,$2a$10$5s9xbuNG60CXT0S7SxLyY.jpFJhFOduZQiOwQg8r7UmheqrG5znu6,Tanvi Purohit,null,EMAIL
1000000040,aditi.purohit@example.com,$2a$10$5s9xbuNG60CXT0S7SxLyY.jpFJhFOduZQiOwQg8r7UmheqrG5znu6,Aditi Purohit,null,EMAIL
1000000041,harsh.saxena@example.com,$2a$10$5s9xbuNG60CXT0S7SxLyY.jpFJhFOduZQiOwQg8r7UmheqrG5znu6,Harsh Saxena,null,EMAIL
1000000042,vivaan.purohit@example.com,$2a$10$5s9xbuNG60CXT0S7SxLyY.jpFJhFOduZQiOwQg8r7UmheqrG5znu6,Vivaan Purohit,null,EMAIL
1000000043,meera.gupta@example.com,$2a$10$5s9xbuNG60CXT0S7SxLyY.jpFJhFOduZQiOwQg8r7UmheqrG5znu6,Meera Gupta,null,EMAIL
1000000044,pooja.kaushik@example.com,$2a$10$5s9xbuNG60CXT0S7SxLyY.jpFJhFOduZQiOwQg8r7UmheqrG5znu6,Pooja Kaushik,null,EMAIL
1000000045,sunita.joshi@example.com,$2a$10$5s9xbuNG60CXT0S7SxLyY.jpFJhFOduZQiOwQg8r7UmheqrG5znu6,Sunita Joshi,null,EMAIL
1000000046,ananya.iyer@example.com,$2a$10$5s9xbuNG60CXT0S7SxLyY.jpFJhFOduZQiOwQg8r7UmheqrG5znu6,Ananya Iyer,null,EMAIL
1000000047,siddharth.yadav@example.com,$2a$10$5s9xbuNG60CXT0S7SxLyY.jpFJhFOduZQiOwQg8r7UmheqrG5znu6,Siddharth Yadav,null,EMAIL
1000000048,aditi.dubey@example.com,$2a$10$5s9xbuNG60CXT0S7SxLyY.jpFJhFOduZQiOwQg8r7UmheqrG5znu6,Aditi Dubey,null,EMAIL
1000000049,anil.naik@example.com,$2a$10$5s9xbuNG60CXT0S7SxLyY.jpFJhFOduZQiOwQg8r7UmheqrG5znu6,Anil Naik,null,EMAIL
1000000050,aditi.chatterjee@example.com,$2a$10$5s9xbuNG60CXT0S7SxLyY.jpFJhFOduZQiOwQg8r7UmheqrG5znu6,Aditi Chatterjee,null,EMAIL
10002,office.delhi@realestate.com,$2a$10$5s9xbuNG60CXT0S7SxLyY.jpFJhFOduZQiOwQg8r7UmheqrG5znu6,office_delhi,null,EMAIL
10003,office.mumbai@realestate.com,$2a$10$5s9xbuNG60CXT0S7SxLyY.jpFJhFOduZQiOwQg8r7UmheqrG5znu6,office_mumbai,null,EMAIL
10004,office.Guwahati@realestate.com,$2a$10$5s9xbuNG60CXT0S7SxLyY.jpFJhFOduZQiOwQg8r7UmheqrG5znu6,Office_Guwahati,null,EMAIL
10001,admin@urban.enc,$2a$10$5s9xbuNG60CXT0S7SxLyY.jpFJhFOduZQiOwQg8r7UmheqrG5znu6,Admin,null,EMAIL
